runtime,#high-level expanded,#high-level generated,#low-level expanded,#low-level generated,solution cost,min f value,root g value,root f value,#adopt bypasses,standard conflicts,rectangle conflicts,corridor conflicts,target conflicts,mutex conflicts,#merge MDDs,#solve 2 agents,#memoization,runtime of building heuristic graph,runtime of solving MVC,runtime of detecting conflicts,runtime of rectangle conflicts,runtime of corridor conflicts,runtime of mutex conflicts,runtime of building MDDs,runtime of building constraint tables,runtime of building CATs,runtime of path finding,runtime of generating child nodes,preprocessing runtime,solver name,instance name
0.001,2,5,298,1311,204,204,202,204,0,0,2,0,0,0,0,2,0,0.001,0,0,0,0,0,0,0,0,0,0,0.003,WDG+GR+GC+T+BP with AStar,instances/empty-16-16/empty-16-16-random-20-agents-1.scen:
0.002,3,5,394,1763,260,260,260,260,1,1,0,0,1,0,0,3,0,0.001,0,0,0,0,0,0,0,0,0,0,0.002,WDG+GR+GC+T+BP with AStar,instances/empty-16-16/empty-16-16-random-20-agents-2.scen:
0.003,2,3,310,1357,204,204,204,204,1,0,0,0,1,0,0,5,0,0.001,0,0,0,0,0,0.001,0,0,0,0,0.004,WDG+GR+GC+T+BP with AStar,instances/empty-16-16/empty-16-16-random-20-agents-3.scen:
0.004,3,5,410,1854,244,244,244,244,4,1,0,0,1,0,0,6,0,0.001,0,0,0,0,0,0.001,0,0,0.001,0.001,0.002,WDG+GR+GC+T+BP with AStar,instances/empty-16-16/empty-16-16-random-20-agents-4.scen:
0.002,1,3,300,1332,226,226,226,226,0,0,0,0,1,0,0,2,0,0.001,0,0,0,0,0,0,0,0,0,0,0.002,WDG+GR+GC+T+BP with AStar,instances/empty-16-16/empty-16-16-random-20-agents-5.scen:
0.002,1,3,325,1478,261,261,261,261,0,0,0,0,1,0,0,2,0,0.001,0,0,0,0,0,0,0,0,0,0,0.002,WDG+GR+GC+T+BP with AStar,instances/empty-16-16/empty-16-16-random-20-agents-6.scen:
0.002,2,3,347,1439,202,202,201,202,1,0,0,0,1,0,0,2,0,0.001,0,0,0,0,0,0,0,0,0,0,0.002,WDG+GR+GC+T+BP with AStar,instances/empty-16-16/empty-16-16-random-20-agents-7.scen:
0.004,5,9,433,1837,194,194,194,194,4,2,1,0,1,0,0,10,0,0.003,0,0,0,0,0,0,0,0,0,0,0.002,WDG+GR+GC+T+BP with AStar,instances/empty-16-16/empty-16-16-random-20-agents-8.scen:
0.002,2,3,324,1407,198,198,198,198,3,0,0,0,1,0,0,4,0,0.001,0,0,0,0,0,0,0,0,0,0,0.002,WDG+GR+GC+T+BP with AStar,instances/empty-16-16/empty-16-16-random-20-agents-9.scen:
0.004,6,11,517,2252,217,217,217,217,4,2,0,0,3,0,0,11,0,0.002,0,0,0,0,0,0,0,0,0.001,0.001,0.002,WDG+GR+GC+T+BP with AStar,instances/empty-16-16/empty-16-16-random-20-agents-10.scen:
0.002,2,3,431,1669,219,219,219,219,1,0,0,0,1,0,0,3,0,0.001,0,0,0,0,0,0,0,0,0,0,0.002,WDG+GR+GC+T+BP with AStar,instances/empty-16-16/empty-16-16-random-20-agents-11.scen:
0.003,2,3,447,1812,239,239,238,239,2,0,1,0,0,0,0,3,0,0,0,0,0,0,0,0.001,0,0,0.001,0.001,0.002,WDG+GR+GC+T+BP with AStar,instances/empty-16-16/empty-16-16-random-20-agents-12.scen:
0.002,1,3,342,1522,254,254,254,254,0,0,0,0,1,0,0,2,0,0.001,0,0,0,0,0,0,0,0,0,0,0.002,WDG+GR+GC+T+BP with AStar,instances/empty-16-16/empty-16-16-random-20-agents-13.scen:
0.003,2,3,405,1727,207,207,207,207,4,0,0,0,1,0,0,8,0,0.001,0,0,0,0,0,0.001,0,0,0,0,0.002,WDG+GR+GC+T+BP with AStar,instances/empty-16-16/empty-16-16-random-20-agents-14.scen:
0.006,3,5,499,1998,233,233,232,233,2,0,1,0,1,0,0,4,0,0.002,0,0,0,0,0,0,0,0,0.002,0.002,0.004,WDG+GR+GC+T+BP with AStar,instances/empty-16-16/empty-16-16-random-20-agents-15.scen:
0.003,2,3,370,1648,250,250,250,250,2,0,0,0,1,0,0,3,0,0.001,0,0,0,0,0,0.001,0,0,0,0,0.002,WDG+GR+GC+T+BP with AStar,instances/empty-16-16/empty-16-16-random-20-agents-16.scen:
0.007,4,7,657,2643,261,261,260,260,4,2,0,0,1,0,0,8,0,0.003,0,0,0,0,0,0.002,0,0,0.001,0.001,0.002,WDG+GR+GC+T+BP with AStar,instances/empty-16-16/empty-16-16-random-20-agents-17.scen:
0.012,19,34,1188,4703,227,227,224,225,11,10,1,0,7,0,0,31,1,0.003,0.001,0.001,0,0,0,0.001,0,0.001,0.004,0.006,0.002,WDG+GR+GC+T+BP with AStar,instances/empty-16-16/empty-16-16-random-20-agents-18.scen:
0.002,2,3,418,1769,251,251,251,251,1,1,0,0,0,0,0,2,0,0.002,0,0,0,0,0,0,0,0,0,0,0.002,WDG+GR+GC+T+BP with AStar,instances/empty-16-16/empty-16-16-random-20-agents-19.scen:
0.009,10,19,980,4040,248,248,247,248,5,8,1,0,0,0,0,18,0,0.006,0,0,0,0,0,0.002,0,0,0,0,0.002,WDG+GR+GC+T+BP with AStar,instances/empty-16-16/empty-16-16-random-20-agents-20.scen:
0.002,1,3,309,1327,241,241,240,241,0,0,1,0,0,0,0,2,0,0.001,0,0,0,0,0,0,0,0,0,0,0.002,WDG+GR+GC+T+BP with AStar,instances/empty-16-16/empty-16-16-random-20-agents-21.scen:
0.001,0,1,250,1120,222,222,222,222,0,0,0,0,0,0,0,0,0,0,0,0,0,0,0,0,0,0,0,0,0.002,WDG+GR+GC+T+BP with AStar,instances/empty-16-16/empty-16-16-random-20-agents-22.scen:
0.003,3,5,426,1724,210,210,209,210,2,0,0,0,2,0,0,6,0,0.001,0,0,0,0,0,0.001,0,0,0,0,0.002,WDG+GR+GC+T+BP with AStar,instances/empty-16-16/empty-16-16-random-20-agents-23.scen:
0.003,3,5,375,1612,210,210,210,210,2,0,0,0,2,0,0,4,0,0.001,0,0,0,0,0,0,0,0,0.001,0.001,0.002,WDG+GR+GC+T+BP with AStar,instances/empty-16-16/empty-16-16-random-20-agents-24.scen:
0.005,4,7,568,2203,232,232,228,231,1,0,2,0,1,0,0,12,0,0.002,0,0,0.001,0,0,0,0,0,0.001,0.001,0.002,WDG+GR+GC+T+BP with AStar,instances/empty-16-16/empty-16-16-random-20-agents-25.scen:
0.003,2,3,436,1843,228,228,227,228,4,0,1,0,0,0,0,5,0,0.001,0,0,0,0,0,0.001,0,0,0,0,0.002,WDG+GR+GC+T+BP with AStar,instances/empty-16-16/empty-16-16-random-20-agents-26.scen:
0.002,2,3,324,1421,217,217,217,217,1,0,0,0,1,0,0,3,0,0.001,0,0,0,0,0,0,0,0,0,0,0.002,WDG+GR+GC+T+BP with AStar,instances/empty-16-16/empty-16-16-random-20-agents-27.scen:
0.003,2,3,370,1660,239,239,239,239,3,0,0,0,1,0,0,5,0,0.001,0,0,0,0,0,0.001,0,0,0,0,0.002,WDG+GR+GC+T+BP with AStar,instances/empty-16-16/empty-16-16-random-20-agents-28.scen:
0.002,2,3,289,1300,216,216,216,216,1,0,0,0,1,0,0,2,0,0.001,0,0,0,0,0,0,0,0,0,0,0.002,WDG+GR+GC+T+BP with AStar,instances/empty-16-16/empty-16-16-random-20-agents-29.scen:
0.003,3,5,364,1565,236,236,234,236,1,0,1,0,1,0,0,4,0,0.002,0,0,0,0,0,0,0,0,0,0,0.002,WDG+GR+GC+T+BP with AStar,instances/empty-16-16/empty-16-16-random-20-agents-30.scen:
0.003,3,5,367,1599,200,200,200,200,1,0,0,0,2,0,0,3,0,0.001,0,0,0,0,0,0,0,0,0.001,0.001,0.002,WDG+GR+GC+T+BP with AStar,instances/empty-16-16/empty-16-16-random-20-agents-31.scen:
0.002,2,3,326,1421,227,227,227,227,1,0,0,0,1,0,0,2,0,0.001,0,0,0,0,0,0,0,0,0,0,0.002,WDG+GR+GC+T+BP with AStar,instances/empty-16-16/empty-16-16-random-20-agents-32.scen:
0.006,4,7,474,2009,217,217,217,217,4,2,0,0,1,0,0,8,0,0.002,0,0,0,0,0,0.002,0,0,0.001,0.001,0.004,WDG+GR+GC+T+BP with AStar,instances/empty-16-16/empty-16-16-random-20-agents-33.scen:
0.003,1,3,301,1329,231,231,231,231,0,0,0,0,1,0,0,2,0,0.001,0,0.001,0,0,0,0,0,0,0,0,0.002,WDG+GR+GC+T+BP with AStar,instances/empty-16-16/empty-16-16-random-20-agents-34.scen:
0.001,0,1,256,1140,226,226,226,226,0,0,0,0,0,0,0,0,0,0,0,0,0,0,0,0,0,0,0,0,0.002,WDG+GR+GC+T+BP with AStar,instances/empty-16-16/empty-16-16-random-20-agents-35.scen:
0.028,10,19,1151,4518,240,240,237,239,7,1,3,0,5,0,0,13,3,0.013,0.001,0,0,0,0,0.002,0,0,0.008,0.008,0.009,WDG+GR+GC+T+BP with AStar,instances/empty-16-16/empty-16-16-random-20-agents-36.scen:
0.003,2,3,325,1394,225,225,224,225,1,1,0,0,0,0,0,3,0,0.002,0,0,0,0,0,0,0,0,0,0,0.005,WDG+GR+GC+T+BP with AStar,instances/empty-16-16/empty-16-16-random-20-agents-37.scen:
0.003,3,5,538,2165,244,244,243,244,1,1,1,0,0,0,0,3,0,0.001,0,0,0.001,0,0,0,0,0,0,0,0.002,WDG+GR+GC+T+BP with AStar,instances/empty-16-16/empty-16-16-random-20-agents-38.scen:
0.004,2,3,390,1693,230,230,230,230,4,0,0,0,1,0,0,7,0,0.001,0,0,0,0,0,0.001,0,0,0.001,0.001,0.002,WDG+GR+GC+T+BP with AStar,instances/empty-16-16/empty-16-16-random-20-agents-39.scen:
0.002,1,3,319,1429,257,257,257,257,0,1,0,0,0,0,0,1,0,0,0.001,0,0,0,0,0,0,0,0,0,0.002,WDG+GR+GC+T+BP with AStar,instances/empty-16-16/empty-16-16-random-20-agents-40.scen:
0.014,3,5,566,2191,214,214,214,214,4,0,0,0,2,0,0,6,0,0.007,0,0.001,0,0,0,0.001,0,0,0.002,0.003,0.009,WDG+GR+GC+T+BP with AStar,instances/empty-16-16/empty-16-16-random-20-agents-41.scen:
0.005,2,3,470,1952,234,234,233,234,4,0,1,0,0,0,0,9,0,0.002,0,0,0,0,0,0.001,0,0,0.001,0.001,0.004,WDG+GR+GC+T+BP with AStar,instances/empty-16-16/empty-16-16-random-20-agents-42.scen:
0.003,2,3,435,1874,249,249,249,249,3,0,0,0,1,0,0,5,0,0.001,0,0,0,0,0,0,0,0,0.001,0.001,0.003,WDG+GR+GC+T+BP with AStar,instances/empty-16-16/empty-16-16-random-20-agents-43.scen:
0.002,2,3,326,1489,221,221,221,221,3,0,0,0,1,0,0,5,0,0.001,0,0,0,0,0,0.001,0,0,0,0,0.003,WDG+GR+GC+T+BP with AStar,instances/empty-16-16/empty-16-16-random-20-agents-44.scen:
0.003,3,5,437,1846,240,240,238,240,1,0,2,0,0,0,0,4,0,0.001,0,0,0,0,0,0.001,0,0,0,0,0.002,WDG+GR+GC+T+BP with AStar,instances/empty-16-16/empty-16-16-random-20-agents-45.scen:
0.003,3,5,396,1685,221,221,221,221,1,0,0,0,2,0,0,4,0,0,0,0,0,0,0,0.001,0,0,0.001,0.001,0.002,WDG+GR+GC+T+BP with AStar,instances/empty-16-16/empty-16-16-random-20-agents-46.scen:
0.002,2,3,333,1398,205,205,204,205,1,0,1,0,0,0,0,3,0,0.001,0,0,0,0,0,0,0,0,0,0,0.003,WDG+GR+GC+T+BP with AStar,instances/empty-16-16/empty-16-16-random-20-agents-47.scen:
0.001,1,3,292,1296,213,213,213,213,0,0,0,0,1,0,0,1,0,0,0,0,0,0,0,0,0,0,0,0,0.003,WDG+GR+GC+T+BP with AStar,instances/empty-16-16/empty-16-16-random-20-agents-48.scen:
0.001,1,3,272,1205,212,212,212,212,0,0,0,0,1,0,0,1,0,0,0,0,0,0,0,0,0,0,0,0,0.002,WDG+GR+GC+T+BP with AStar,instances/empty-16-16/empty-16-16-random-20-agents-49.scen:
0.003,2,3,421,1817,219,219,219,219,4,0,0,0,1,0,0,5,0,0,0,0,0.001,0,0,0.001,0,0,0,0,0.002,WDG+GR+GC+T+BP with AStar,instances/empty-16-16/empty-16-16-random-20-agents-50.scen:
0.003,4,7,555,2130,182,182,181,182,3,1,1,0,1,0,0,8,0,0.002,0,0,0,0,0,0.001,0,0,0,0,0.003,WDG+GR+GC+T+BP with AStar,instances/empty-16-16/empty-16-16-random-20-agents-51.scen:
0.003,3,5,440,1907,230,230,230,230,4,1,0,0,1,0,0,6,0,0.002,0,0,0,0,0,0,0,0,0,0,0.002,WDG+GR+GC+T+BP with AStar,instances/empty-16-16/empty-16-16-random-20-agents-52.scen:
0.006,5,9,642,2608,233,233,232,233,4,0,1,0,3,0,0,11,0,0.004,0,0,0,0,0,0.001,0,0,0,0,0.002,WDG+GR+GC+T+BP with AStar,instances/empty-16-16/empty-16-16-random-20-agents-53.scen:
0.004,2,3,451,1923,251,251,250,251,4,0,1,0,0,0,0,8,0,0.001,0,0,0,0,0,0.002,0,0,0,0,0.002,WDG+GR+GC+T+BP with AStar,instances/empty-16-16/empty-16-16-random-20-agents-54.scen:
0.004,3,5,429,1814,222,222,221,222,4,0,0,0,2,0,0,6,0,0.002,0,0,0,0,0,0.001,0,0,0,0,0.004,WDG+GR+GC+T+BP with AStar,instances/empty-16-16/empty-16-16-random-20-agents-55.scen:
0.003,2,3,366,1540,206,206,206,206,1,0,0,0,1,0,0,3,0,0.001,0,0,0,0,0,0.001,0,0,0,0,0.002,WDG+GR+GC+T+BP with AStar,instances/empty-16-16/empty-16-16-random-20-agents-56.scen:
0.003,2,3,389,1591,229,229,228,229,1,0,1,0,0,0,0,3,0,0.002,0,0,0,0,0,0,0,0,0,0,0.002,WDG+GR+GC+T+BP with AStar,instances/empty-16-16/empty-16-16-random-20-agents-57.scen:
0.002,2,3,371,1569,230,230,230,230,1,0,0,0,1,0,0,2,0,0.001,0,0,0,0,0,0,0,0,0,0,0.003,WDG+GR+GC+T+BP with AStar,instances/empty-16-16/empty-16-16-random-20-agents-58.scen:
0.003,2,3,409,1676,220,220,220,220,2,0,0,0,1,0,0,5,0,0.001,0,0,0,0,0,0,0,0,0.001,0.001,0.002,WDG+GR+GC+T+BP with AStar,instances/empty-16-16/empty-16-16-random-20-agents-59.scen:
0.004,3,5,482,2036,222,222,220,221,4,1,0,0,1,0,0,11,0,0.002,0,0,0,0,0,0.001,0,0,0,0,0.002,WDG+GR+GC+T+BP with AStar,instances/empty-16-16/empty-16-16-random-20-agents-60.scen:
0.004,4,7,502,2088,214,214,212,214,5,0,2,0,1,0,0,11,0,0.001,0,0,0,0,0,0.001,0,0,0.001,0.001,0.002,WDG+GR+GC+T+BP with AStar,instances/empty-16-16/empty-16-16-random-20-agents-61.scen:
0.005,6,11,642,2535,211,211,208,211,3,3,1,1,0,0,0,11,0,0.004,0,0,0,0,0,0,0,0,0,0,0.002,WDG+GR+GC+T+BP with AStar,instances/empty-16-16/empty-16-16-random-20-agents-62.scen:
0.004,4,7,476,2006,209,209,209,209,3,0,2,0,1,0,0,7,0,0.001,0,0,0,0,0,0.001,0,0,0.001,0.001,0.002,WDG+GR+GC+T+BP with AStar,instances/empty-16-16/empty-16-16-random-20-agents-63.scen:
0.004,3,4,437,1859,243,243,242,243,3,0,1,0,1,0,0,6,0,0.001,0,0,0,0,0,0.001,0,0,0.001,0.001,0.002,WDG+GR+GC+T+BP with AStar,instances/empty-16-16/empty-16-16-random-20-agents-64.scen:
0.004,3,5,473,1984,241,241,240,241,1,0,0,0,2,0,0,4,0,0.002,0,0,0,0,0,0.001,0,0,0,0,0.002,WDG+GR+GC+T+BP with AStar,instances/empty-16-16/empty-16-16-random-20-agents-65.scen:
0.003,2,3,354,1546,217,217,217,217,4,0,0,0,1,0,0,6,0,0,0,0,0,0,0,0.001,0,0.001,0.001,0.001,0.002,WDG+GR+GC+T+BP with AStar,instances/empty-16-16/empty-16-16-random-20-agents-66.scen:
0.002,3,5,386,1707,255,255,254,255,1,0,0,0,2,0,0,3,0,0.001,0,0,0,0,0,0,0,0,0,0,0.002,WDG+GR+GC+T+BP with AStar,instances/empty-16-16/empty-16-16-random-20-agents-67.scen:
0.004,1,3,273,1209,216,216,216,216,0,1,0,0,0,0,0,1,0,0.001,0,0,0,0,0,0,0,0,0,0,0.009,WDG+GR+GC+T+BP with AStar,instances/empty-16-16/empty-16-16-random-20-agents-68.scen:
0.001,2,3,319,1444,244,244,244,244,1,0,0,0,1,0,0,2,0,0,0,0,0,0,0,0,0,0,0,0,0.003,WDG+GR+GC+T+BP with AStar,instances/empty-16-16/empty-16-16-random-20-agents-69.scen:
0.007,5,9,811,3158,258,258,255,258,3,0,3,0,1,0,0,9,0,0.003,0,0,0,0,0,0.002,0,0,0,0,0.003,WDG+GR+GC+T+BP with AStar,instances/empty-16-16/empty-16-16-random-20-agents-70.scen:
0.002,2,5,360,1552,223,223,222,222,0,2,0,0,0,0,0,5,0,0.001,0,0,0,0,0,0,0,0,0,0,0.003,WDG+GR+GC+T+BP with AStar,instances/empty-16-16/empty-16-16-random-20-agents-71.scen:
0.003,2,3,387,1638,227,227,226,227,3,0,1,0,0,0,0,4,0,0,0,0,0.001,0,0,0,0,0,0.001,0.001,0.002,WDG+GR+GC+T+BP with AStar,instances/empty-16-16/empty-16-16-random-20-agents-72.scen:
0.006,4,7,507,2062,221,221,216,221,2,0,1,0,2,0,0,13,0,0.005,0,0,0,0,0,0,0,0,0,0,0.002,WDG+GR+GC+T+BP with AStar,instances/empty-16-16/empty-16-16-random-20-agents-73.scen:
0.003,2,3,481,2011,233,233,232,233,3,0,1,0,0,0,0,5,0,0,0,0,0.001,0,0,0.001,0,0,0,0,0.003,WDG+GR+GC+T+BP with AStar,instances/empty-16-16/empty-16-16-random-20-agents-74.scen:
0.002,3,5,377,1615,239,239,239,239,1,1,0,0,1,0,0,4,0,0.001,0,0,0,0,0,0,0,0,0,0,0.002,WDG+GR+GC+T+BP with AStar,instances/empty-16-16/empty-16-16-random-20-agents-75.scen:
0.003,3,5,466,1973,221,221,220,221,3,0,1,0,1,0,0,7,0,0.001,0,0,0,0,0,0,0,0,0.001,0.001,0.002,WDG+GR+GC+T+BP with AStar,instances/empty-16-16/empty-16-16-random-20-agents-76.scen:
0.003,3,5,396,1709,220,220,219,220,3,0,1,0,1,0,0,5,0,0.001,0,0,0,0,0,0,0,0,0,0.001,0.002,WDG+GR+GC+T+BP with AStar,instances/empty-16-16/empty-16-16-random-20-agents-77.scen:
0.004,2,3,446,1724,218,218,218,218,3,0,0,0,1,0,0,6,0,0.001,0,0,0,0,0,0,0,0,0.002,0.002,0.003,WDG+GR+GC+T+BP with AStar,instances/empty-16-16/empty-16-16-random-20-agents-78.scen:
0.004,4,7,551,2291,252,252,251,252,3,1,2,0,0,0,0,7,0,0.002,0,0,0,0,0,0.001,0,0,0,0,0.002,WDG+GR+GC+T+BP with AStar,instances/empty-16-16/empty-16-16-random-20-agents-79.scen:
0.001,0,1,296,1346,258,258,258,258,0,0,0,0,0,0,0,0,0,0,0,0,0,0,0,0,0,0,0,0,0.002,WDG+GR+GC+T+BP with AStar,instances/empty-16-16/empty-16-16-random-20-agents-80.scen:
0.005,5,9,512,2199,236,236,236,236,2,1,1,0,2,0,0,7,0,0.002,0,0,0,0,0,0.002,0,0,0,0,0.002,WDG+GR+GC+T+BP with AStar,instances/empty-16-16/empty-16-16-random-20-agents-81.scen:
0.002,1,3,323,1430,243,243,243,243,0,1,0,0,0,0,0,1,0,0.001,0,0,0,0,0,0,0,0,0,0,0.002,WDG+GR+GC+T+BP with AStar,instances/empty-16-16/empty-16-16-random-20-agents-82.scen:
0.003,2,3,496,2118,280,280,278,278,4,0,0,0,1,0,0,6,0,0,0,0,0,0,0,0.001,0,0,0.001,0.001,0.002,WDG+GR+GC+T+BP with AStar,instances/empty-16-16/empty-16-16-random-20-agents-83.scen:
0.003,2,3,291,1307,209,209,209,209,1,0,0,0,1,0,0,2,0,0,0,0,0,0,0,0.001,0,0,0.001,0.001,0.004,WDG+GR+GC+T+BP with AStar,instances/empty-16-16/empty-16-16-random-20-agents-84.scen:
0.004,3,5,586,2319,242,242,240,242,3,0,2,0,0,0,0,9,0,0.002,0,0,0,0,0,0,0,0,0.001,0.001,0.002,WDG+GR+GC+T+BP with AStar,instances/empty-16-16/empty-16-16-random-20-agents-85.scen:
0.002,2,3,355,1486,219,219,218,219,1,0,1,0,0,0,0,3,0,0.001,0,0,0,0,0,0,0,0,0,0,0.002,WDG+GR+GC+T+BP with AStar,instances/empty-16-16/empty-16-16-random-20-agents-86.scen:
0.002,2,3,417,1797,252,252,252,252,2,0,0,0,1,0,0,3,0,0.001,0,0,0,0,0,0,0,0,0,0,0.002,WDG+GR+GC+T+BP with AStar,instances/empty-16-16/empty-16-16-random-20-agents-87.scen:
0.003,3,5,562,2147,235,235,235,235,2,0,0,0,2,0,0,5,0,0.001,0,0,0,0,0,0,0,0,0,0,0.002,WDG+GR+GC+T+BP with AStar,instances/empty-16-16/empty-16-16-random-20-agents-88.scen:
0.003,2,5,435,1746,227,227,226,227,1,0,0,0,2,0,0,3,0,0,0,0,0,0,0,0.001,0,0,0.001,0.001,0.002,WDG+GR+GC+T+BP with AStar,instances/empty-16-16/empty-16-16-random-20-agents-89.scen:
0.003,2,3,488,2028,257,257,256,257,2,0,1,0,0,0,0,6,0,0.002,0,0,0,0,0,0.001,0,0,0,0,0.003,WDG+GR+GC+T+BP with AStar,instances/empty-16-16/empty-16-16-random-20-agents-90.scen:
0.002,2,3,368,1571,223,223,222,223,1,0,1,0,0,0,0,2,0,0,0,0,0,0,0,0.001,0,0,0,0,0.002,WDG+GR+GC+T+BP with AStar,instances/empty-16-16/empty-16-16-random-20-agents-91.scen:
0.003,2,5,418,1791,242,242,241,242,0,0,0,0,2,0,0,3,0,0.001,0,0,0,0,0,0.001,0,0,0,0,0.002,WDG+GR+GC+T+BP with AStar,instances/empty-16-16/empty-16-16-random-20-agents-92.scen:
0.004,3,5,502,2162,226,226,226,226,4,0,0,0,2,0,0,6,0,0.001,0,0,0,0,0,0,0,0,0.002,0.002,0.002,WDG+GR+GC+T+BP with AStar,instances/empty-16-16/empty-16-16-random-20-agents-93.scen:
0.003,2,3,442,1894,272,272,272,272,3,0,0,0,1,0,0,5,0,0.001,0,0,0,0,0,0.001,0,0,0,0,0.002,WDG+GR+GC+T+BP with AStar,instances/empty-16-16/empty-16-16-random-20-agents-94.scen:
0.003,2,3,400,1692,246,246,246,246,1,0,0,0,1,0,0,3,0,0,0,0,0,0,0,0.001,0,0,0,0.001,0.002,WDG+GR+GC+T+BP with AStar,instances/empty-16-16/empty-16-16-random-20-agents-95.scen:
0.001,2,3,326,1394,207,207,207,207,1,0,0,0,1,0,0,2,0,0,0,0,0,0,0,0.001,0,0,0,0,0.003,WDG+GR+GC+T+BP with AStar,instances/empty-16-16/empty-16-16-random-20-agents-96.scen:
0.002,1,3,410,1671,237,237,237,237,0,0,0,0,1,0,0,1,0,0.001,0,0,0,0,0,0,0,0,0,0,0.002,WDG+GR+GC+T+BP with AStar,instances/empty-16-16/empty-16-16-random-20-agents-97.scen:
0.002,2,3,350,1485,243,243,242,243,1,0,1,0,0,0,0,2,0,0,0,0,0,0,0,0.001,0,0,0,0,0.002,WDG+GR+GC+T+BP with AStar,instances/empty-16-16/empty-16-16-random-20-agents-98.scen:
0.004,2,3,376,1675,228,228,228,228,4,0,0,0,1,0,0,10,0,0.002,0,0,0,0,0,0.001,0,0,0.001,0.001,0.003,WDG+GR+GC+T+BP with AStar,instances/empty-16-16/empty-16-16-random-20-agents-99.scen:
0.003,2,3,351,1521,214,214,214,214,3,0,0,0,1,0,0,5,0,0.001,0,0,0,0,0,0,0,0,0,0,0.002,WDG+GR+GC+T+BP with AStar,instances/empty-16-16/empty-16-16-random-20-agents-100.scen:
0.034,98,195,8284,28866,404,404,397,402,48,0,31,0,66,0,0,36,80,0.01,0,0.001,0.001,0,0,0.002,0,0.001,0.017,0.018,0.004,WDG+GR+GC+T+BP with AStar,instances/empty-16-16/empty-16-16-random-40-agents-1.scen:
0.013,6,11,1420,5321,486,486,485,485,7,1,0,0,4,0,0,14,0,0.005,0,0,0,0,0,0.003,0,0,0.002,0.002,0.011,WDG+GR+GC+T+BP with AStar,instances/empty-16-16/empty-16-16-random-40-agents-2.scen:
0.039,36,71,4538,15643,455,455,450,451,20,1,4,0,30,0,0,72,3,0.023,0.002,0.001,0.001,0,0,0.002,0,0,0.008,0.008,0.005,WDG+GR+GC+T+BP with AStar,instances/empty-16-16/empty-16-16-random-40-agents-3.scen:
0.008,5,9,1218,4969,475,475,474,475,12,1,1,0,2,0,0,17,0,0.002,0,0,0,0,0,0.001,0,0,0.003,0.003,0.005,WDG+GR+GC+T+BP with AStar,instances/empty-16-16/empty-16-16-random-40-agents-4.scen:
0.012,6,11,1403,5717,512,512,510,511,9,2,3,0,0,0,0,17,2,0.005,0.001,0,0,0,0,0.001,0,0.001,0.002,0.002,0.008,WDG+GR+GC+T+BP with AStar,instances/empty-16-16/empty-16-16-random-40-agents-5.scen:
1.06,724,1445,68465,236011,463,463,458,462,365,517,70,1,135,0,0,1736,550,0.751,0.014,0.006,0.013,0.002,0,0.07,0.002,0.01,0.159,0.178,0.004,WDG+GR+GC+T+BP with AStar,instances/empty-16-16/empty-16-16-random-40-agents-6.scen:
0.024,34,65,3074,11838,422,422,418,420,34,7,7,0,19,0,0,60,17,0.011,0,0,0,0,0,0.004,0,0,0.006,0.006,0.004,WDG+GR+GC+T+BP with AStar,instances/empty-16-16/empty-16-16-random-40-agents-7.scen:
0.05,47,88,5555,17454,425,425,421,421,46,15,8,0,23,0,0,125,0,0.027,0.001,0,0.002,0,0,0.008,0,0.001,0.01,0.01,0.005,WDG+GR+GC+T+BP with AStar,instances/empty-16-16/empty-16-16-random-40-agents-8.scen:
0.009,5,9,1184,4908,437,437,436,437,9,1,1,0,2,0,0,19,0,0.005,0,0,0,0,0,0.002,0,0,0.001,0.001,0.005,WDG+GR+GC+T+BP with AStar,instances/empty-16-16/empty-16-16-random-40-agents-9.scen:
0.449,392,784,46789,152860,457,457,451,454,262,208,55,0,129,0,0,834,298,0.265,0.014,0.003,0.012,0,0,0.03,0,0.006,0.109,0.115,0.005,WDG+GR+GC+T+BP with AStar,instances/empty-16-16/empty-16-16-random-40-agents-10.scen:
0.022,21,41,2616,9687,448,448,445,448,16,6,3,0,11,0,0,44,4,0.012,0,0,0.002,0,0,0.001,0,0,0.004,0.004,0.005,WDG+GR+GC+T+BP with AStar,instances/empty-16-16/empty-16-16-random-40-agents-11.scen:
0.018,12,23,2027,7842,489,489,484,488,17,5,4,1,1,0,0,40,1,0.01,0,0,0.001,0,0,0.002,0,0,0.003,0.003,0.006,WDG+GR+GC+T+BP with AStar,instances/empty-16-16/empty-16-16-random-40-agents-12.scen:
0.009,6,11,1036,4391,472,472,470,472,9,1,1,0,3,0,0,20,0,0.004,0,0,0,0,0,0.001,0,0,0.002,0.002,0.004,WDG+GR+GC+T+BP with AStar,instances/empty-16-16/empty-16-16-random-40-agents-13.scen:
2.409,2177,3864,173830,536074,435,435,430,435,915,1885,94,0,197,0,0,5068,2821,1.405,0.056,0.019,0.052,0.006,0,0.173,0.008,0.021,0.424,0.462,0.007,WDG+GR+GC+T+BP with AStar,instances/empty-16-16/empty-16-16-random-40-agents-14.scen:
0.22,224,442,22091,71757,475,475,468,470,194,105,7,0,112,0,0,687,105,0.124,0.008,0.005,0.003,0.001,0,0.023,0.003,0.001,0.048,0.056,0.005,WDG+GR+GC+T+BP with AStar,instances/empty-16-16/empty-16-16-random-40-agents-15.scen:
0.014,11,21,1455,6053,478,478,476,477,13,5,1,0,4,0,0,36,1,0.006,0,0,0,0.001,0,0.002,0,0,0.003,0.003,0.007,WDG+GR+GC+T+BP with AStar,instances/empty-16-16/empty-16-16-random-40-agents-16.scen:
0.016,6,11,1711,6797,496,496,495,495,16,3,0,0,2,0,0,31,0,0.007,0,0,0,0,0,0.002,0,0.002,0.004,0.004,0.004,WDG+GR+GC+T+BP with AStar,instances/empty-16-16/empty-16-16-random-40-agents-17.scen:
0.063,61,113,4877,18322,416,416,413,414,32,22,8,0,30,0,0,113,5,0.039,0.005,0.001,0,0,0,0.005,0,0,0.01,0.012,0.006,WDG+GR+GC+T+BP with AStar,instances/empty-16-16/empty-16-16-random-40-agents-18.scen:
0.013,6,11,1601,6220,513,513,512,513,13,1,1,0,3,0,0,20,0,0.004,0,0,0,0,0,0.003,0,0,0.003,0.003,0.008,WDG+GR+GC+T+BP with AStar,instances/empty-16-16/empty-16-16-random-40-agents-19.scen:
5.009,4200,8089,518741,1457662,468,468,456,461,2062,3023,617,0,559,0,0,7765,4451,3.16,0.098,0.038,0.068,0.019,0,0.253,0.025,0.034,1.119,1.187,0.013,WDG+GR+GC+T+BP with AStar,instances/empty-16-16/empty-16-16-random-40-agents-20.scen:
0.023,13,25,1780,6831,460,460,455,460,14,2,5,0,5,0,0,36,0,0.011,0,0,0.002,0,0,0.002,0,0,0.003,0.003,0.011,WDG+GR+GC+T+BP with AStar,instances/empty-16-16/empty-16-16-random-40-agents-21.scen:
0.031,29,57,3459,12845,452,452,449,451,20,9,7,0,12,0,0,69,5,0.014,0.001,0,0,0.001,0,0.004,0,0,0.01,0.01,0.004,WDG+GR+GC+T+BP with AStar,instances/empty-16-16/empty-16-16-random-40-agents-22.scen:
0.037,36,70,4628,16334,431,431,426,429,22,16,3,0,16,0,0,61,8,0.018,0.002,0.001,0,0,0,0.004,0,0,0.007,0.008,0.012,WDG+GR+GC+T+BP with AStar,instances/empty-16-16/empty-16-16-random-40-agents-23.scen:
0.042,38,75,4647,17034,463,463,460,463,19,10,6,0,21,0,0,91,5,0.022,0.002,0,0.001,0,0,0.004,0.001,0,0.008,0.009,0.006,WDG+GR+GC+T+BP with AStar,instances/empty-16-16/empty-16-16-random-40-agents-24.scen:
0.033,32,63,3409,12210,456,456,450,455,18,21,6,0,4,0,0,86,0,0.018,0,0,0.001,0,0,0.003,0,0,0.007,0.007,0.007,WDG+GR+GC+T+BP with AStar,instances/empty-16-16/empty-16-16-random-40-agents-25.scen:
0.01,9,17,1504,6038,449,449,446,449,10,4,3,0,1,0,0,23,0,0.006,0,0,0,0,0,0.001,0,0,0.002,0.002,0.004,WDG+GR+GC+T+BP with AStar,instances/empty-16-16/empty-16-16-random-40-agents-26.scen:
0.149,162,324,16940,56479,432,432,424,428,88,17,8,0,137,0,0,324,10,0.084,0.002,0,0,0,0,0.017,0,0,0.041,0.042,0.006,WDG+GR+GC+T+BP with AStar,instances/empty-16-16/empty-16-16-random-40-agents-27.scen:
0.043,41,79,3936,14540,418,418,414,416,35,12,5,0,23,0,0,135,10,0.023,0.001,0,0,0,0,0.008,0.001,0,0.01,0.01,0.004,WDG+GR+GC+T+BP with AStar,instances/empty-16-16/empty-16-16-random-40-agents-28.scen:
0.019,20,39,1609,6401,438,438,433,437,13,6,4,1,8,0,0,57,9,0.011,0.002,0,0,0.001,0,0.001,0,0,0.002,0.002,0.005,WDG+GR+GC+T+BP with AStar,instances/empty-16-16/empty-16-16-random-40-agents-29.scen:
0.022,24,43,2314,8697,464,464,460,463,24,1,7,0,15,0,0,29,9,0.01,0,0,0,0,0,0.004,0,0,0.005,0.005,0.014,WDG+GR+GC+T+BP with AStar,instances/empty-16-16/empty-16-16-random-40-agents-30.scen:
0.014,7,13,1476,5959,438,438,437,438,10,0,2,0,4,0,0,19,0,0.007,0,0,0.001,0,0,0.001,0,0,0.002,0.002,0.009,WDG+GR+GC+T+BP with AStar,instances/empty-16-16/empty-16-16-random-40-agents-31.scen:
0.463,799,1595,59118,203835,440,440,436,439,483,678,41,0,80,0,0,980,1612,0.218,0.03,0.012,0.013,0.007,0,0.026,0.002,0.007,0.129,0.148,0.005,WDG+GR+GC+T+BP with AStar,instances/empty-16-16/empty-16-16-random-40-agents-32.scen:
0.015,13,25,1702,6957,486,486,485,486,14,8,1,0,3,0,0,33,0,0.006,0,0,0.002,0,0,0.001,0,0.001,0.004,0.004,0.004,WDG+GR+GC+T+BP with AStar,instances/empty-16-16/empty-16-16-random-40-agents-33.scen:
0.01,8,15,1277,4956,434,434,432,432,7,0,0,0,7,0,0,22,0,0.004,0,0,0,0,0,0.002,0,0,0.003,0.003,0.004,WDG+GR+GC+T+BP with AStar,instances/empty-16-16/empty-16-16-random-40-agents-34.scen:
0.431,533,1061,44143,137760,466,466,459,462,128,340,58,4,130,0,0,890,521,0.244,0.013,0.003,0.003,0.006,0,0.034,0.001,0.005,0.112,0.116,0.007,WDG+GR+GC+T+BP with AStar,instances/empty-16-16/empty-16-16-random-40-agents-35.scen:
0.091,77,153,11178,38773,450,450,444,449,61,2,16,1,57,0,0,149,52,0.043,0.003,0.001,0.001,0,0,0.011,0,0.002,0.028,0.029,0.007,WDG+GR+GC+T+BP with AStar,instances/empty-16-16/empty-16-16-random-40-agents-36.scen:
0.008,7,13,1100,4389,440,440,439,440,5,1,1,0,4,0,0,17,0,0.003,0,0,0.001,0,0,0,0,0.001,0.002,0.002,0.004,WDG+GR+GC+T+BP with AStar,instances/empty-16-16/empty-16-16-random-40-agents-37.scen:
0.014,10,19,1938,7294,517,517,511,517,9,2,5,0,2,0,0,25,0,0.008,0,0,0.001,0,0,0.002,0,0,0.001,0.001,0.004,WDG+GR+GC+T+BP with AStar,instances/empty-16-16/empty-16-16-random-40-agents-38.scen:
8.83,5984,11061,750535,2016048,467,467,466,467,3081,4397,588,0,998,0,0,19058,3156,5.832,0.13,0.057,0.125,0.031,0,0.529,0.049,0.059,1.505,1.604,0.005,WDG+GR+GC+T+BP with AStar,instances/empty-16-16/empty-16-16-random-40-agents-39.scen:
0.038,25,49,4979,16703,520,520,515,518,15,3,3,0,18,0,0,33,15,0.016,0.001,0,0.001,0,0,0.005,0,0,0.011,0.011,0.01,WDG+GR+GC+T+BP with AStar,instances/empty-16-16/empty-16-16-random-40-agents-40.scen:
0.011,6,11,1260,5153,448,448,446,448,13,2,1,0,2,0,0,26,0,0.005,0,0,0,0,0,0.003,0,0,0.001,0.001,0.004,WDG+GR+GC+T+BP with AStar,instances/empty-16-16/empty-16-16-random-40-agents-41.scen:
60.001,47880,92447,5170661,16428606,-1,466,460,463,23055,37079,4262,158,6381,0,0,113861,60950,36.094,1.305,0.466,1.14,0.273,0,2.867,0.434,0.444,11.4,12.303,0.004,WDG+GR+GC+T+BP with AStar,instances/empty-16-16/empty-16-16-random-40-agents-42.scen:
0.017,8,17,1837,6859,469,469,467,467,15,1,2,0,5,0,0,39,0,0.008,0.001,0,0,0,0,0.003,0,0,0.003,0.003,0.004,WDG+GR+GC+T+BP with AStar,instances/empty-16-16/empty-16-16-random-40-agents-43.scen:
0.01,4,7,1125,4630,491,491,490,491,8,0,2,0,1,0,0,16,0,0.003,0,0,0,0,0,0.002,0,0,0.003,0.003,0.006,WDG+GR+GC+T+BP with AStar,instances/empty-16-16/empty-16-16-random-40-agents-44.scen:
0.217,508,1009,38049,141893,451,451,443,449,418,6,299,0,202,0,0,368,903,0.075,0.011,0.007,0.001,0,0,0.018,0,0.003,0.085,0.095,0.004,WDG+GR+GC+T+BP with AStar,instances/empty-16-16/empty-16-16-random-40-agents-45.scen:
0.013,7,13,1374,5440,450,450,448,450,13,1,2,0,3,0,0,26,0,0.005,0,0,0,0,0,0.001,0.001,0,0.004,0.004,0.009,WDG+GR+GC+T+BP with AStar,instances/empty-16-16/empty-16-16-random-40-agents-46.scen:
0.022,16,31,1892,7359,443,443,438,443,14,6,6,0,3,0,0,38,0,0.009,0,0,0,0,0,0.002,0,0,0.006,0.006,0.013,WDG+GR+GC+T+BP with AStar,instances/empty-16-16/empty-16-16-random-40-agents-47.scen:
0.539,487,973,54364,183337,459,459,450,455,166,3,30,0,453,0,0,952,171,0.306,0.008,0.013,0.003,0,0,0.067,0.001,0.003,0.119,0.135,0.005,WDG+GR+GC+T+BP with AStar,instances/empty-16-16/empty-16-16-random-40-agents-48.scen:
0.025,13,25,2611,9958,458,458,454,457,22,3,1,0,8,0,0,58,0,0.014,0.001,0,0,0,0,0.006,0,0,0.002,0.002,0.005,WDG+GR+GC+T+BP with AStar,instances/empty-16-16/empty-16-16-random-40-agents-49.scen:
0.015,12,23,1864,7121,451,451,447,451,13,1,2,0,8,0,0,38,0,0.01,0,0,0,0,0,0.001,0,0,0.003,0.003,0.004,WDG+GR+GC+T+BP with AStar,instances/empty-16-16/empty-16-16-random-40-agents-50.scen:
45.998,33391,65685,4854127,12233665,435,435,427,429,14160,21654,1388,1,10347,0,0,57232,44039,30.162,0.928,0.294,0.604,0.059,0,2.384,0.203,0.272,9.292,9.771,0.005,WDG+GR+GC+T+BP with AStar,instances/empty-16-16/empty-16-16-random-40-agents-51.scen:
0.016,5,9,1467,5797,472,472,472,472,13,2,0,0,2,0,0,24,0,0.006,0,0,0,0,0,0.003,0,0,0.003,0.003,0.013,WDG+GR+GC+T+BP with AStar,instances/empty-16-16/empty-16-16-random-40-agents-52.scen:
0.028,19,37,3096,12152,483,483,480,482,32,5,4,0,9,0,0,58,5,0.015,0,0,0,0,0,0.006,0,0,0.004,0.005,0.004,WDG+GR+GC+T+BP with AStar,instances/empty-16-16/empty-16-16-random-40-agents-53.scen:
0.031,23,45,3897,14680,487,487,482,484,42,1,5,0,16,0,0,61,13,0.016,0,0,0,0,0,0.003,0,0.001,0.01,0.01,0.005,WDG+GR+GC+T+BP with AStar,instances/empty-16-16/empty-16-16-random-40-agents-54.scen:
0.332,312,618,35368,117926,440,440,436,439,189,205,34,0,72,0,0,698,242,0.197,0.004,0.003,0.005,0,0,0.022,0.001,0.001,0.089,0.096,0.006,WDG+GR+GC+T+BP with AStar,instances/empty-16-16/empty-16-16-random-40-agents-55.scen:
0.019,13,25,2152,8439,434,434,430,432,19,1,2,0,9,0,0,45,6,0.009,0,0,0,0,0,0.003,0.002,0,0.006,0.006,0.005,WDG+GR+GC+T+BP with AStar,instances/empty-16-16/empty-16-16-random-40-agents-56.scen:
0.101,48,95,5738,18176,443,443,438,439,31,19,3,0,25,0,0,117,0,0.076,0.003,0.001,0,0,0,0.005,0,0,0.012,0.014,0.004,WDG+GR+GC+T+BP with AStar,instances/empty-16-16/empty-16-16-random-40-agents-57.scen:
0.5,412,818,47698,153125,459,459,452,453,270,125,44,1,242,0,0,1014,62,0.304,0.005,0.005,0.005,0.002,0,0.071,0.002,0.001,0.094,0.101,0.005,WDG+GR+GC+T+BP with AStar,instances/empty-16-16/empty-16-16-random-40-agents-58.scen:
0.131,160,317,15370,51507,420,420,414,416,85,71,3,0,86,0,0,323,34,0.062,0.004,0.003,0,0.001,0,0.023,0,0,0.032,0.035,0.005,WDG+GR+GC+T+BP with AStar,instances/empty-16-16/empty-16-16-random-40-agents-59.scen:
0.833,1353,2626,97229,348122,459,459,453,454,844,1057,125,4,167,0,0,1977,1880,0.441,0.047,0.015,0.014,0.002,0,0.055,0.01,0.011,0.21,0.236,0.004,WDG+GR+GC+T+BP with AStar,instances/empty-16-16/empty-16-16-random-40-agents-60.scen:
0.133,141,281,13369,44803,450,450,444,446,104,58,7,0,75,0,0,384,71,0.064,0.005,0.002,0.001,0.001,0,0.014,0.001,0.001,0.036,0.042,0.004,WDG+GR+GC+T+BP with AStar,instances/empty-16-16/empty-16-16-random-40-agents-61.scen:
0.057,73,145,8235,29026,461,461,453,457,52,5,10,1,56,0,0,102,40,0.024,0.003,0.001,0.001,0,0,0.007,0,0.001,0.014,0.018,0.008,WDG+GR+GC+T+BP with AStar,instances/empty-16-16/empty-16-16-random-40-agents-62.scen:
0.042,34,67,3267,11741,442,442,438,440,15,13,6,0,14,0,0,90,20,0.029,0.001,0,0,0,0,0.004,0,0,0.004,0.004,0.008,WDG+GR+GC+T+BP with AStar,instances/empty-16-16/empty-16-16-random-40-agents-63.scen:
5.913,5105,10096,570298,1637665,448,448,441,445,2318,3358,394,22,1330,0,0,12496,2837,3.64,0.133,0.053,0.059,0.029,0,0.443,0.044,0.046,1.167,1.265,0.008,WDG+GR+GC+T+BP with AStar,instances/empty-16-16/empty-16-16-random-40-agents-64.scen:
0.011,7,13,1362,5416,470,470,469,470,9,2,1,0,3,0,0,22,0,0.006,0,0,0,0,0,0.002,0,0,0.001,0.001,0.004,WDG+GR+GC+T+BP with AStar,instances/empty-16-16/empty-16-16-random-40-agents-65.scen:
0.015,12,23,1525,6209,415,415,414,415,12,5,4,0,2,0,0,40,0,0.011,0,0.001,0,0,0,0.002,0,0,0,0.001,0.005,WDG+GR+GC+T+BP with AStar,instances/empty-16-16/empty-16-16-random-40-agents-66.scen:
0.015,10,19,1595,6288,490,490,488,489,7,4,1,0,4,0,0,38,1,0.008,0,0.001,0,0,0,0.002,0,0.001,0.001,0.002,0.004,WDG+GR+GC+T+BP with AStar,instances/empty-16-16/empty-16-16-random-40-agents-67.scen:
0.016,14,23,2104,7564,467,467,465,466,15,1,6,0,6,0,0,32,1,0.008,0,0,0,0,0,0.003,0,0,0.003,0.003,0.004,WDG+GR+GC+T+BP with AStar,instances/empty-16-16/empty-16-16-random-40-agents-68.scen:
0.125,133,265,10790,40077,477,477,473,474,109,105,10,0,17,0,0,330,66,0.078,0,0,0.002,0,0,0.01,0.001,0.002,0.028,0.028,0.005,WDG+GR+GC+T+BP with AStar,instances/empty-16-16/empty-16-16-random-40-agents-69.scen:
0.055,58,115,6248,23614,503,503,498,501,63,0,14,0,43,0,0,76,48,0.028,0,0.001,0.001,0,0,0.004,0,0.002,0.017,0.017,0.013,WDG+GR+GC+T+BP with AStar,instances/empty-16-16/empty-16-16-random-40-agents-70.scen:
0.03,21,41,4501,11923,421,421,412,414,19,2,1,0,17,0,0,52,3,0.015,0,0,0,0,0,0.007,0,0.001,0.007,0.007,0.005,WDG+GR+GC+T+BP with AStar,instances/empty-16-16/empty-16-16-random-40-agents-71.scen:
0.044,55,109,5882,18664,429,429,421,426,29,12,12,0,30,0,0,106,23,0.023,0.003,0,0,0,0,0.003,0,0,0.012,0.012,0.005,WDG+GR+GC+T+BP with AStar,instances/empty-16-16/empty-16-16-random-40-agents-72.scen:
0.086,94,187,10814,34343,439,439,429,435,43,13,9,0,71,0,0,151,57,0.04,0.003,0.001,0.003,0,0,0.013,0,0.001,0.023,0.025,0.005,WDG+GR+GC+T+BP with AStar,instances/empty-16-16/empty-16-16-random-40-agents-73.scen:
0.013,7,13,1731,6577,474,474,471,474,12,2,1,0,3,0,0,27,0,0.003,0,0,0,0,0,0.004,0,0,0.005,0.005,0.005,WDG+GR+GC+T+BP with AStar,instances/empty-16-16/empty-16-16-random-40-agents-74.scen:
0.011,8,15,1414,5541,464,464,462,464,11,3,2,0,2,0,0,28,0,0.006,0,0,0,0,0,0.001,0,0,0.002,0.002,0.005,WDG+GR+GC+T+BP with AStar,instances/empty-16-16/empty-16-16-random-40-agents-75.scen:
0.019,23,42,2162,8130,446,446,442,445,14,1,7,0,14,0,0,50,19,0.009,0,0,0,0,0,0,0,0.001,0.005,0.006,0.004,WDG+GR+GC+T+BP with AStar,instances/empty-16-16/empty-16-16-random-40-agents-76.scen:
0.019,13,25,2061,7822,434,434,430,433,13,0,1,0,11,0,0,48,1,0.008,0.001,0,0,0,0,0.003,0,0,0.005,0.005,0.005,WDG+GR+GC+T+BP with AStar,instances/empty-16-16/empty-16-16-random-40-agents-77.scen:
0.012,8,15,1302,5357,441,441,441,441,11,3,0,0,4,0,0,31,0,0.006,0.001,0.001,0,0,0,0.003,0,0,0,0.001,0.004,WDG+GR+GC+T+BP with AStar,instances/empty-16-16/empty-16-16-random-40-agents-78.scen:
0.126,115,229,14100,48657,480,480,473,477,55,20,60,0,34,0,0,169,132,0.06,0.003,0.001,0.006,0,0,0.013,0,0.001,0.034,0.038,0.004,WDG+GR+GC+T+BP with AStar,instances/empty-16-16/empty-16-16-random-40-agents-79.scen:
0.068,48,92,5116,19559,511,511,506,509,42,16,8,0,23,0,0,86,16,0.046,0.001,0,0,0,0,0.004,0,0,0.013,0.013,0.005,WDG+GR+GC+T+BP with AStar,instances/empty-16-16/empty-16-16-random-40-agents-80.scen:
0.077,96,191,9076,33710,461,461,455,459,63,15,16,0,64,0,0,179,99,0.041,0.001,0.002,0.002,0,0,0.01,0,0.001,0.016,0.018,0.004,WDG+GR+GC+T+BP with AStar,instances/empty-16-16/empty-16-16-random-40-agents-81.scen:
0.005,3,5,870,3672,459,459,457,459,7,0,2,0,0,0,0,12,0,0.002,0,0,0,0,0,0.001,0,0,0.001,0.001,0.005,WDG+GR+GC+T+BP with AStar,instances/empty-16-16/empty-16-16-random-40-agents-82.scen:
0.048,34,66,5766,19967,533,533,529,531,46,4,3,0,26,0,0,84,6,0.019,0.001,0,0.003,0,0,0.009,0,0,0.012,0.012,0.01,WDG+GR+GC+T+BP with AStar,instances/empty-16-16/empty-16-16-random-40-agents-83.scen:
0.013,10,19,1457,5844,451,451,443,451,10,2,2,0,5,0,0,30,0,0.007,0,0,0,0,0,0.004,0,0,0,0,0.004,WDG+GR+GC+T+BP with AStar,instances/empty-16-16/empty-16-16-random-40-agents-84.scen:
0.019,15,29,2367,8857,516,516,510,516,10,4,5,0,5,0,0,36,1,0.008,0.002,0,0.001,0,0,0.001,0,0.001,0.005,0.005,0.005,WDG+GR+GC+T+BP with AStar,instances/empty-16-16/empty-16-16-random-40-agents-85.scen:
0.072,76,145,9853,32465,455,455,449,453,38,11,13,0,51,0,0,122,44,0.03,0.005,0.001,0.001,0,0,0.008,0,0,0.022,0.024,0.005,WDG+GR+GC+T+BP with AStar,instances/empty-16-16/empty-16-16-random-40-agents-86.scen:
0.054,39,77,6407,21727,459,459,454,456,26,1,0,0,37,0,0,105,0,0.033,0.001,0,0.001,0,0,0.006,0,0,0.01,0.01,0.005,WDG+GR+GC+T+BP with AStar,instances/empty-16-16/empty-16-16-random-40-agents-87.scen:
0.03,25,47,3134,12021,487,487,482,486,28,4,1,0,19,0,0,64,0,0.016,0,0,0,0,0,0.005,0,0.001,0.007,0.007,0.004,WDG+GR+GC+T+BP with AStar,instances/empty-16-16/empty-16-16-random-40-agents-88.scen:
0.082,56,106,6222,20825,450,450,445,447,31,6,6,0,43,0,0,166,4,0.051,0,0.002,0.001,0,0,0.007,0,0,0.014,0.016,0.012,WDG+GR+GC+T+BP with AStar,instances/empty-16-16/empty-16-16-random-40-agents-89.scen:
0.02,11,21,2219,7858,472,472,469,471,18,0,2,0,8,0,0,41,0,0.011,0.001,0.001,0,0,0,0.002,0,0.001,0.002,0.003,0.009,WDG+GR+GC+T+BP with AStar,instances/empty-16-16/empty-16-16-random-40-agents-90.scen:
0.959,458,912,88337,232013,440,440,429,431,150,15,22,0,420,0,0,1076,74,0.615,0.006,0.004,0.01,0.003,0,0.133,0.002,0.002,0.168,0.173,0.007,WDG+GR+GC+T+BP with AStar,instances/empty-16-16/empty-16-16-random-40-agents-91.scen:
0.532,333,647,49020,140698,464,464,457,459,204,74,33,0,225,0,0,1082,103,0.331,0.007,0.001,0.004,0,0,0.068,0.001,0.004,0.099,0.103,0.006,WDG+GR+GC+T+BP with AStar,instances/empty-16-16/empty-16-16-random-40-agents-92.scen:
0.057,46,89,6252,19841,466,466,463,463,39,24,5,4,12,0,0,135,6,0.031,0,0,0,0.002,0,0.006,0,0.001,0.017,0.017,0.005,WDG+GR+GC+T+BP with AStar,instances/empty-16-16/empty-16-16-random-40-agents-93.scen:
0.018,11,21,2042,7945,532,532,531,532,14,3,1,0,6,0,0,43,0,0.009,0,0,0,0,0,0.002,0,0,0.005,0.005,0.005,WDG+GR+GC+T+BP with AStar,instances/empty-16-16/empty-16-16-random-40-agents-94.scen:
0.019,14,27,2607,9970,476,476,473,474,17,2,1,0,10,0,0,41,0,0.01,0,0.001,0,0,0,0.004,0,0,0.003,0.003,0.005,WDG+GR+GC+T+BP with AStar,instances/empty-16-16/empty-16-16-random-40-agents-95.scen:
0.014,7,13,1202,4962,426,426,425,426,11,3,1,0,2,0,0,21,1,0.004,0,0,0,0,0,0.004,0,0,0.002,0.002,0.013,WDG+GR+GC+T+BP with AStar,instances/empty-16-16/empty-16-16-random-40-agents-96.scen:
0.063,48,95,7508,25372,482,482,478,480,28,14,4,0,29,0,0,112,15,0.036,0,0.001,0.001,0,0,0.013,0,0,0.009,0.01,0.006,WDG+GR+GC+T+BP with AStar,instances/empty-16-16/empty-16-16-random-40-agents-97.scen:
0.03,27,53,3610,12259,501,501,495,501,16,9,8,0,9,0,0,56,2,0.019,0,0.001,0.001,0,0,0.001,0,0,0.006,0.006,0.005,WDG+GR+GC+T+BP with AStar,instances/empty-16-16/empty-16-16-random-40-agents-98.scen:
0.014,9,17,1420,5915,459,459,456,459,11,4,2,0,2,0,0,36,0,0.005,0,0,0.002,0,0,0.001,0,0.001,0.005,0.005,0.005,WDG+GR+GC+T+BP with AStar,instances/empty-16-16/empty-16-16-random-40-agents-99.scen:
0.026,32,63,2515,9692,466,466,464,466,14,14,2,0,15,0,0,64,6,0.016,0,0,0,0,0,0.004,0,0,0.005,0.005,0.005,WDG+GR+GC+T+BP with AStar,instances/empty-16-16/empty-16-16-random-40-agents-100.scen:
60.001,37148,73212,5698256,14178252,-1,657,641,646,17687,18598,2834,235,15481,0,0,87366,37398,37.988,1.672,0.53,0.552,0.155,0,3.948,0.271,0.429,11.869,12.814,0.007,WDG+GR+GC+T+BP with AStar,instances/empty-16-16/empty-16-16-random-60-agents-1.scen:
5.326,3395,6689,420442,1367422,703,703,698,700,1852,2126,184,1,1083,0,0,10183,2574,3.236,0.116,0.056,0.062,0.038,0,0.468,0.031,0.042,0.946,1.046,0.006,WDG+GR+GC+T+BP with AStar,instances/empty-16-16/empty-16-16-random-60-agents-2.scen:
60.001,47847,94113,5446997,16410232,-1,708,696,702,23645,31163,4789,0,11895,0,0,82428,73101,32.401,1.859,0.635,1.029,0.242,0,2.799,0.665,0.633,11.999,13.169,0.007,WDG+GR+GC+T+BP with AStar,instances/empty-16-16/empty-16-16-random-60-agents-3.scen:
0.215,143,285,22260,81455,718,718,712,716,211,9,16,0,117,0,0,479,119,0.107,0.005,0.006,0.003,0,0,0.034,0.001,0.004,0.047,0.055,0.01,WDG+GR+GC+T+BP with AStar,instances/empty-16-16/empty-16-16-random-60-agents-4.scen:
60.001,29567,57150,3885794,11614674,-1,737,731,733,14332,21776,2144,0,5647,0,0,70995,23849,40.926,1.327,0.416,0.829,0.093,0,3.261,0.363,0.413,8.88,9.588,0.007,WDG+GR+GC+T+BP with AStar,instances/empty-16-16/empty-16-16-random-60-agents-5.scen:
60.001,29888,58315,3884858,12049517,-1,753,738,744,18886,15629,1573,0,12686,0,0,86666,24878,40.656,1.274,0.492,0.812,0.05,0,4.532,0.239,0.367,8.514,9.458,0.007,WDG+GR+GC+T+BP with AStar,instances/empty-16-16/empty-16-16-random-60-agents-6.scen:
60.001,31087,61379,3513894,11341817,-1,652,646,648,16949,19441,2048,44,9554,0,0,115978,21777,41.71,1.361,0.456,0.797,0.173,0,4.006,0.262,0.355,7.715,8.656,0.021,WDG+GR+GC+T+BP with AStar,instances/empty-16-16/empty-16-16-random-60-agents-7.scen:
60.001,41001,80146,4346702,13556291,-1,685,672,675,21586,28874,4139,1,7987,0,0,117489,32697,36.082,1.694,0.596,0.674,0.363,0,4.157,0.538,0.496,9.971,11.086,0.007,WDG+GR+GC+T+BP with AStar,instances/empty-16-16/empty-16-16-random-60-agents-8.scen:
60.001,46785,89901,4820033,15401803,-1,675,670,672,22205,32030,3399,9,11347,0,0,110635,56644,36.382,1.752,0.58,0.773,0.261,0,3.203,0.494,0.541,10.839,11.978,0.008,WDG+GR+GC+T+BP with AStar,instances/empty-16-16/empty-16-16-random-60-agents-9.scen:
60.001,46996,92734,5518135,16112399,-1,710,693,699,20148,20086,3734,302,22874,0,0,107795,50574,34.384,1.864,0.657,0.803,0.232,0,5.251,0.389,0.514,11.821,13.116,0.008,WDG+GR+GC+T+BP with AStar,instances/empty-16-16/empty-16-16-random-60-agents-10.scen:
4.156,2664,5252,370364,1112850,706,706,697,702,1246,1058,170,0,1435,0,0,7058,1142,2.516,0.1,0.042,0.043,0.008,0,0.355,0.024,0.024,0.856,0.936,0.007,WDG+GR+GC+T+BP with AStar,instances/empty-16-16/empty-16-16-random-60-agents-11.scen:
60.001,35637,70300,5184384,14526739,-1,709,690,697,22073,8318,1237,35,26047,0,0,95221,18250,35.142,1.666,0.544,0.402,0.075,0,7.56,0.289,0.414,10.948,12.085,0.006,WDG+GR+GC+T+BP with AStar,instances/empty-16-16/empty-16-16-random-60-agents-12.scen:
60.001,20521,40308,2868449,8726050,-1,740,731,738,10184,13197,1727,1,5596,0,0,77604,14309,45.609,0.868,0.329,0.57,0.121,0,3.281,0.231,0.276,6.265,6.943,0.007,WDG+GR+GC+T+BP with AStar,instances/empty-16-16/empty-16-16-random-60-agents-13.scen:
60.001,44236,87445,4227411,13556846,-1,652,640,647,19754,3866,2095,429,37846,0,0,131293,12042,34.48,1.843,0.74,0.62,0.158,0,8.326,0.263,0.481,9.287,10.825,0.007,WDG+GR+GC+T+BP with AStar,instances/empty-16-16/empty-16-16-random-60-agents-14.scen:
60.001,36030,69766,5044939,14819659,-1,744,732,737,17228,21814,3370,0,10846,0,0,89154,56963,35.554,1.439,0.548,0.736,0.139,0,3.567,0.52,0.474,11.221,12.311,0.018,WDG+GR+GC+T+BP with AStar,instances/empty-16-16/empty-16-16-random-60-agents-15.scen:
0.874,628,1249,74311,249539,677,677,668,672,459,54,6,20,547,0,0,1979,22,0.514,0.017,0.011,0.003,0.003,0,0.115,0.003,0.007,0.172,0.194,0.021,WDG+GR+GC+T+BP with AStar,instances/empty-16-16/empty-16-16-random-60-agents-16.scen:
60.001,46558,92596,6072673,19001551,-1,731,727,728,25725,27143,4162,5,15248,0,0,116432,56187,33.8,1.87,0.639,0.934,0.414,0,4.202,0.428,0.604,13.257,14.522,0.007,WDG+GR+GC+T+BP with AStar,instances/empty-16-16/empty-16-16-random-60-agents-17.scen:
60.001,29828,56323,3325346,10648499,-1,668,662,663,15688,21833,3424,169,4402,0,0,96670,37003,39.259,1.215,0.405,1.127,0.333,0,2.699,0.438,0.354,7.721,8.571,0.007,WDG+GR+GC+T+BP with AStar,instances/empty-16-16/empty-16-16-random-60-agents-18.scen:
60.001,38712,76412,4635546,14285679,-1,727,715,719,19606,26112,3685,29,8886,0,0,113599,28628,37.13,1.516,0.558,0.839,0.184,0,4.223,0.447,0.473,10.195,11.338,0.007,WDG+GR+GC+T+BP with AStar,instances/empty-16-16/empty-16-16-random-60-agents-19.scen:
60.001,21679,43242,3701444,11594915,-1,715,700,708,11713,54,514,0,21111,0,0,96915,1903,38.511,0.813,0.434,1.088,0.033,0,8.489,0.155,0.26,7.811,8.617,0.006,WDG+GR+GC+T+BP with AStar,instances/empty-16-16/empty-16-16-random-60-agents-20.scen:
60.001,59850,109448,5967447,18299361,-1,688,675,681,23965,38921,2756,0,18173,0,0,85439,87008,31.666,2.235,0.708,0.703,0.664,0,3.606,0.654,0.684,13.575,14.809,0.019,WDG+GR+GC+T+BP with AStar,instances/empty-16-16/empty-16-16-random-60-agents-21.scen:
60.001,38531,75690,4339797,13450173,-1,692,682,687,17172,23391,3674,104,11362,0,0,112834,24434,37.115,1.684,0.55,0.621,0.261,0,5.174,0.396,0.484,9.783,10.869,0.02,WDG+GR+GC+T+BP with AStar,instances/empty-16-16/empty-16-16-random-60-agents-22.scen:
60.001,45948,88940,4726818,14623559,-1,651,637,645,25363,22277,3605,282,19784,0,0,122844,31766,34.786,2.198,0.696,0.494,0.317,0,5.9,0.359,0.561,10.871,12.285,0.007,WDG+GR+GC+T+BP with AStar,instances/empty-16-16/empty-16-16-random-60-agents-23.scen:
60.001,26508,52213,4227804,12361875,-1,705,697,703,16140,19530,2341,0,4637,0,0,94830,34511,38.09,1.078,0.465,0.877,0.405,0,3.458,0.376,0.377,9.462,10.342,0.006,WDG+GR+GC+T+BP with AStar,instances/empty-16-16/empty-16-16-random-60-agents-24.scen:
60.001,34038,67999,4514026,13303050,-1,705,689,696,11125,624,2171,8,31235,0,0,118594,31900,37.186,1.548,0.587,0.555,0.047,0,7.335,0.127,0.39,9.852,10.935,0.018,WDG+GR+GC+T+BP with AStar,instances/empty-16-16/empty-16-16-random-60-agents-25.scen:
60.001,46629,93147,5762622,18147718,-1,685,673,679,24823,34883,3508,0,8238,0,0,90637,52816,35.197,1.942,0.637,0.716,0.146,0,3.664,0.446,0.596,13.027,14.175,0.022,WDG+GR+GC+T+BP with AStar,instances/empty-16-16/empty-16-16-random-60-agents-26.scen:
3.915,3034,6053,389902,1213443,704,704,691,698,1351,78,128,2,2825,0,0,7471,1021,2.052,0.133,0.047,0.036,0,0,0.565,0.014,0.029,0.894,0.999,0.02,WDG+GR+GC+T+BP with AStar,instances/empty-16-16/empty-16-16-random-60-agents-27.scen:
60.001,25017,49885,5327453,15359185,-1,693,676,682,9198,22,758,15,24222,0,0,101748,3762,35.632,0.932,0.481,0.293,0.05,0,8.386,0.189,0.338,11.572,12.536,0.023,WDG+GR+GC+T+BP with AStar,instances/empty-16-16/empty-16-16-random-60-agents-28.scen:
10.917,8116,16020,1020911,3370578,662,662,650,657,3786,5099,504,4,2509,0,0,19205,10910,6.268,0.354,0.11,0.184,0.008,0,0.827,0.075,0.099,2.296,2.495,0.023,WDG+GR+GC+T+BP with AStar,instances/empty-16-16/empty-16-16-random-60-agents-29.scen:
60.001,57935,114652,5872260,18426730,-1,686,674,681,30040,48684,3926,5,5320,0,0,115748,90440,33.904,2.399,0.764,0.918,0.249,0,2.508,0.576,0.707,13.416,14.739,0.006,WDG+GR+GC+T+BP with AStar,instances/empty-16-16/empty-16-16-random-60-agents-30.scen:
60.001,34448,66441,4414577,13057976,-1,688,678,680,15830,19931,2216,35,12266,0,0,96105,21833,37.893,1.386,0.438,1.053,0.213,0,4.639,0.39,0.412,9.527,10.383,0.006,WDG+GR+GC+T+BP with AStar,instances/empty-16-16/empty-16-16-random-60-agents-31.scen:
60.001,28265,55450,6327492,15716612,-1,646,629,637,7420,614,690,67,26894,0,0,84509,3408,36.07,1.176,0.411,0.246,0.073,0,7.719,0.119,0.294,12.227,12.99,0.006,WDG+GR+GC+T+BP with AStar,instances/empty-16-16/empty-16-16-random-60-agents-32.scen:
0.131,113,225,12080,44429,713,713,707,708,81,25,9,0,78,0,0,297,7,0.074,0,0.002,0.001,0.001,0,0.02,0.001,0.002,0.024,0.028,0.007,WDG+GR+GC+T+BP with AStar,instances/empty-16-16/empty-16-16-random-60-agents-33.scen:
0.112,75,149,8582,30903,660,660,653,655,73,17,1,0,56,0,0,254,0,0.067,0.001,0,0.001,0,0,0.018,0,0,0.019,0.022,0.006,WDG+GR+GC+T+BP with AStar,instances/empty-16-16/empty-16-16-random-60-agents-34.scen:
60.001,26362,52497,5683181,14250655,-1,681,660,668,4428,92,1093,34,25143,0,0,80066,2356,38.143,1.111,0.37,0.128,0.029,0,6.956,0.142,0.282,11.359,12.053,0.007,WDG+GR+GC+T+BP with AStar,instances/empty-16-16/empty-16-16-random-60-agents-35.scen:
60.001,44066,86898,5665495,17093170,-1,666,654,663,20541,34718,2840,93,6415,0,0,103391,57624,35.444,1.702,0.614,0.929,0.258,0,3.164,0.4,0.54,12.062,13.338,0.007,WDG+GR+GC+T+BP with AStar,instances/empty-16-16/empty-16-16-random-60-agents-36.scen:
1.294,845,1673,103295,325652,654,654,643,646,478,145,32,0,668,0,0,2954,140,0.796,0.028,0.011,0.015,0,0,0.158,0.002,0.007,0.221,0.249,0.017,WDG+GR+GC+T+BP with AStar,instances/empty-16-16/empty-16-16-random-60-agents-37.scen:
60.001,32006,63517,5014724,15691717,-1,760,749,757,17693,18549,3024,0,10433,0,0,88606,42102,36.392,1.246,0.521,0.967,0.197,0,4.494,0.348,0.442,10.972,12.011,0.022,WDG+GR+GC+T+BP with AStar,instances/empty-16-16/empty-16-16-random-60-agents-38.scen:
60.001,18043,35663,4356325,10994975,-1,706,691,698,7965,9,885,3,17146,0,0,87455,2250,39.773,0.682,0.357,0.357,0.036,0,7.924,0.106,0.197,8.719,9.456,0.02,WDG+GR+GC+T+BP with AStar,instances/empty-16-16/empty-16-16-random-60-agents-39.scen:
60.001,31584,61944,4670277,14750157,-1,777,769,774,14759,24111,2930,0,4543,0,0,82596,29144,38.753,1.193,0.436,0.886,0.268,0,3.468,0.396,0.403,10.326,11.123,0.012,WDG+GR+GC+T+BP with AStar,instances/empty-16-16/empty-16-16-random-60-agents-40.scen:
60.001,42616,83933,5358236,16277197,-1,677,672,675,23683,29775,4342,0,8499,0,0,105336,49166,36.194,1.656,0.608,1.233,0.366,0,3.62,0.41,0.556,11.598,12.728,0.021,WDG+GR+GC+T+BP with AStar,instances/empty-16-16/empty-16-16-random-60-agents-41.scen:
60.001,33821,66154,5449188,15155074,-1,691,674,678,14195,13356,3098,0,17367,0,0,92371,30119,35.814,1.331,0.535,0.584,0.077,0,4.846,0.332,0.411,11.524,12.547,0.006,WDG+GR+GC+T+BP with AStar,instances/empty-16-16/empty-16-16-random-60-agents-42.scen:
60.001,38405,74329,5673127,15940869,-1,717,705,706,16125,23494,6208,62,8641,0,0,94710,52032,36.069,1.629,0.54,0.975,0.22,0,4.217,0.35,0.425,11.764,12.738,0.007,WDG+GR+GC+T+BP with AStar,instances/empty-16-16/empty-16-16-random-60-agents-43.scen:
60.001,33110,65318,4966898,14873515,-1,742,733,739,14645,27224,2835,0,3051,0,0,86947,49609,36.349,1.209,0.493,0.98,0.411,0,2.152,0.423,0.386,10.948,11.837,0.006,WDG+GR+GC+T+BP with AStar,instances/empty-16-16/empty-16-16-random-60-agents-44.scen:
60.001,35626,70647,4969149,15739084,-1,690,675,684,17968,2,2357,74,33193,0,0,114820,15513,35.37,1.412,0.568,0.499,0.111,0,8.307,0.157,0.425,10.746,11.87,0.01,WDG+GR+GC+T+BP with AStar,instances/empty-16-16/empty-16-16-random-60-agents-45.scen:
60.001,29354,56065,3529487,10676528,-1,675,659,664,15306,15377,3018,0,10959,0,0,89292,41526,41.18,1.118,0.441,0.976,0.147,0,3.428,0.293,0.36,7.803,8.642,0.007,WDG+GR+GC+T+BP with AStar,instances/empty-16-16/empty-16-16-random-60-agents-46.scen:
60.001,31012,59865,4581832,12904933,-1,667,653,662,14502,14904,1916,18,14174,0,0,97069,19821,39.739,1.217,0.463,0.431,0.066,0,4.649,0.292,0.358,9.527,10.422,0.007,WDG+GR+GC+T+BP with AStar,instances/empty-16-16/empty-16-16-random-60-agents-47.scen:
14.619,8810,17527,1133758,3498011,671,671,658,665,3810,1041,324,0,7444,0,0,26136,3699,9.04,0.329,0.135,0.122,0.009,0,1.778,0.05,0.08,2.491,2.752,0.007,WDG+GR+GC+T+BP with AStar,instances/empty-16-16/empty-16-16-random-60-agents-48.scen:
60.001,31481,61406,4865028,13387811,-1,666,655,658,15804,16338,1955,382,12806,0,0,94670,17064,36.348,1.194,0.479,0.406,0.491,0,5.959,0.4,0.397,10.224,11.106,0.006,WDG+GR+GC+T+BP with AStar,instances/empty-16-16/empty-16-16-random-60-agents-49.scen:
60.001,39313,78260,5219914,15113821,-1,662,645,651,19217,6080,1434,150,31649,0,0,107702,6896,35.435,1.759,0.603,0.309,0.101,0,7.54,0.308,0.477,11.2,12.398,0.006,WDG+GR+GC+T+BP with AStar,instances/empty-16-16/empty-16-16-random-60-agents-50.scen:
60.001,36842,71636,4484593,13400799,-1,681,669,674,19541,26178,2383,22,8259,0,0,100936,44893,38.94,1.563,0.513,0.873,0.176,0,3.599,0.391,0.422,9.732,10.746,0.007,WDG+GR+GC+T+BP with AStar,instances/empty-16-16/empty-16-16-random-60-agents-51.scen:
60.001,35329,68916,5307149,16266001,-1,718,713,714,18698,28021,2960,0,4348,0,0,94020,48145,36.783,1.306,0.54,0.804,0.184,0,2.586,0.416,0.412,11.396,12.478,0.007,WDG+GR+GC+T+BP with AStar,instances/empty-16-16/empty-16-16-random-60-agents-52.scen:
9.1,5411,10594,741970,2317531,698,698,687,690,3733,2455,441,0,2514,0,0,16018,3406,5.464,0.235,0.077,0.131,0.037,0,0.946,0.062,0.072,1.615,1.771,0.006,WDG+GR+GC+T+BP with AStar,instances/empty-16-16/empty-16-16-random-60-agents-53.scen:
60.001,42904,85088,4609435,14201555,-1,719,708,713,22918,31771,3164,0,7969,0,0,108726,53332,35.658,1.701,0.636,0.884,0.244,0,3.784,0.532,0.529,10.226,11.514,0.006,WDG+GR+GC+T+BP with AStar,instances/empty-16-16/empty-16-16-random-60-agents-54.scen:
60.001,51766,102978,5401503,17254815,-1,685,677,681,23870,42242,3800,12,5712,0,0,115110,70675,34.596,2.237,0.683,0.71,1.129,0,2.917,0.522,0.674,12.045,13.35,0.006,WDG+GR+GC+T+BP with AStar,instances/empty-16-16/empty-16-16-random-60-agents-55.scen:
60.001,42518,83949,5308823,15993505,-1,696,684,690,20060,29301,3932,0,9285,0,0,95455,44914,35.721,1.673,0.537,1.392,0.278,0,3.52,0.416,0.49,11.197,12.237,0.006,WDG+GR+GC+T+BP with AStar,instances/empty-16-16/empty-16-16-random-60-agents-56.scen:
24.277,17402,33455,1995291,5969682,642,642,629,631,9535,12144,1391,31,3835,0,0,40109,16820,15.099,0.811,0.225,0.346,0.038,0,1.524,0.164,0.212,4.258,4.671,0.022,WDG+GR+GC+T+BP with AStar,instances/empty-16-16/empty-16-16-random-60-agents-57.scen:
60.001,39562,78319,4943353,15583834,-1,677,663,670,16627,9146,1226,84,29106,0,0,108547,11381,35.184,1.63,0.484,0.526,0.113,0,7.604,0.267,0.461,10.807,11.742,0.015,WDG+GR+GC+T+BP with AStar,instances/empty-16-16/empty-16-16-random-60-agents-58.scen:
60.001,36133,68642,4188638,11649869,-1,676,666,670,18086,24907,3351,10,7865,0,0,128162,31733,39.023,1.358,0.513,0.778,0.138,0,3.659,0.354,0.408,8.886,9.913,0.006,WDG+GR+GC+T+BP with AStar,instances/empty-16-16/empty-16-16-random-60-agents-59.scen:
60.001,43890,85780,4661800,14649844,-1,714,701,707,19659,22069,4721,75,17025,0,0,118719,31777,35.789,1.934,0.62,0.605,0.131,0,5.518,0.438,0.552,10.227,11.502,0.009,WDG+GR+GC+T+BP with AStar,instances/empty-16-16/empty-16-16-random-60-agents-60.scen:
60.001,41238,80927,4860728,14489268,-1,712,698,701,22023,23561,2364,91,15222,0,0,99856,39435,36.201,1.648,0.579,0.585,0.351,0,4.96,0.49,0.507,10.475,11.668,0.006,WDG+GR+GC+T+BP with AStar,instances/empty-16-16/empty-16-16-random-60-agents-61.scen:
60.001,30831,60802,4263137,12594272,-1,721,706,715,15810,19266,2392,17,9156,0,0,97078,28623,37.627,1.22,0.49,0.674,0.155,0,4.165,0.383,0.384,9.331,10.266,0.021,WDG+GR+GC+T+BP with AStar,instances/empty-16-16/empty-16-16-random-60-agents-62.scen:
60.001,25885,50157,3051595,9356692,-1,702,691,698,14386,16981,2671,11,6222,0,0,111272,28112,42.407,0.968,0.386,1.18,0.184,0,2.84,0.272,0.329,6.688,7.514,0.006,WDG+GR+GC+T+BP with AStar,instances/empty-16-16/empty-16-16-random-60-agents-63.scen:
60.001,23392,46376,4644484,11751261,-1,686,672,680,6504,127,758,55,22452,0,0,80095,4154,40.638,0.835,0.375,0.419,0.03,0,6.493,0.112,0.216,9.162,9.892,0.022,WDG+GR+GC+T+BP with AStar,instances/empty-16-16/empty-16-16-random-60-agents-64.scen:
60.001,36161,71929,4088800,13731847,-1,728,724,727,17873,25217,2635,0,8309,0,0,105042,55913,39.502,1.389,0.577,0.865,0.234,0,2.864,0.286,0.427,9.035,10.145,0.021,WDG+GR+GC+T+BP with AStar,instances/empty-16-16/empty-16-16-random-60-agents-65.scen:
60.001,38383,74896,3869817,12340789,-1,691,680,684,17337,26646,5230,0,6507,0,0,109406,45177,37.847,1.566,0.502,1.173,0.259,0,3.559,0.428,0.423,8.789,9.754,0.02,WDG+GR+GC+T+BP with AStar,instances/empty-16-16/empty-16-16-random-60-agents-66.scen:
60.001,49330,97058,5587694,17997541,-1,732,722,725,27879,31875,4310,53,13092,0,0,114863,49255,33.472,2.053,0.704,1.091,0.2,0,4.832,0.485,0.647,12.29,13.692,0.006,WDG+GR+GC+T+BP with AStar,instances/empty-16-16/empty-16-16-random-60-agents-67.scen:
60.001,25477,48365,2833911,9502954,-1,713,704,707,12896,19377,2628,0,3472,0,0,97624,17433,42.698,1.023,0.407,1.613,0.047,0,2.907,0.261,0.33,6.276,7.007,0.006,WDG+GR+GC+T+BP with AStar,instances/empty-16-16/empty-16-16-random-60-agents-68.scen:
60.001,22622,44013,3523975,9886544,-1,723,711,717,12454,13583,2221,0,6818,0,0,121348,13608,41.351,0.832,0.412,0.657,0.254,0,4.609,0.229,0.285,7.3,8.198,0.006,WDG+GR+GC+T+BP with AStar,instances/empty-16-16/empty-16-16-random-60-agents-69.scen:
12.469,8396,16773,1156997,3594392,738,738,726,732,4499,60,326,0,8009,0,0,20499,6266,7.381,0.324,0.16,0.114,0.008,0,1.442,0.031,0.097,2.493,2.797,0.019,WDG+GR+GC+T+BP with AStar,instances/empty-16-16/empty-16-16-random-60-agents-70.scen:
0.39,363,725,50543,141338,651,651,640,644,206,11,19,0,332,0,0,728,295,0.206,0.011,0.004,0.002,0,0,0.038,0.002,0.003,0.11,0.119,0.007,WDG+GR+GC+T+BP with AStar,instances/empty-16-16/empty-16-16-random-60-agents-71.scen:
60.001,42236,84044,4865493,14356776,-1,687,670,680,15953,17727,4265,355,19889,0,0,124875,37190,36.091,1.982,0.587,0.601,0.16,0,6.169,0.278,0.501,10.359,11.575,0.02,WDG+GR+GC+T+BP with AStar,instances/empty-16-16/empty-16-16-random-60-agents-72.scen:
60.001,26180,52120,5190498,13898891,-1,700,683,693,7650,440,709,4,25027,0,0,87851,6062,37.937,0.868,0.412,0.313,0.017,0,7.769,0.146,0.297,10.39,11.2,0.008,WDG+GR+GC+T+BP with AStar,instances/empty-16-16/empty-16-16-random-60-agents-73.scen:
60.001,20036,39596,3357631,9730029,-1,727,718,722,11658,10895,2715,57,6369,0,0,97830,8628,39.651,0.729,0.365,0.982,0.304,0,4.927,0.311,0.237,6.946,7.742,0.006,WDG+GR+GC+T+BP with AStar,instances/empty-16-16/empty-16-16-random-60-agents-74.scen:
60.001,48463,93766,5426937,15780887,-1,683,671,677,25981,33389,3983,349,10742,0,0,124224,48589,35.01,1.932,0.639,0.706,0.313,0,3.889,0.454,0.573,11.839,13.217,0.02,WDG+GR+GC+T+BP with AStar,instances/empty-16-16/empty-16-16-random-60-agents-75.scen:
60.001,59268,116769,6159453,19926575,-1,677,664,672,36052,38206,8137,97,12828,0,0,105800,111329,31.971,2.564,0.835,0.867,0.385,0,4.076,0.489,0.719,13.672,15.417,0.008,WDG+GR+GC+T+BP with AStar,instances/empty-16-16/empty-16-16-random-60-agents-76.scen:
60.001,49432,97087,4693585,14038670,-1,653,644,649,25033,34437,4749,134,10112,0,0,135873,37577,35.619,1.977,0.597,0.69,0.343,0,4.2,0.477,0.529,10.301,11.616,0.006,WDG+GR+GC+T+BP with AStar,instances/empty-16-16/empty-16-16-random-60-agents-77.scen:
60.001,34150,67800,4701083,14955640,-1,669,659,663,22411,25799,1575,21,6755,0,0,104117,40689,37.565,1.428,0.55,0.573,0.615,0,4.072,0.388,0.485,10.232,11.205,0.006,WDG+GR+GC+T+BP with AStar,instances/empty-16-16/empty-16-16-random-60-agents-78.scen:
60.001,40207,79183,4797982,15731501,-1,710,692,701,24342,21352,3890,10,14955,0,0,98593,38084,37.148,1.74,0.664,0.896,0.045,0,4.814,0.344,0.512,10.652,11.843,0.017,WDG+GR+GC+T+BP with AStar,instances/empty-16-16/empty-16-16-random-60-agents-79.scen:
60.001,34028,65286,5993105,16256511,-1,777,759,765,17755,14478,4178,13,15359,0,0,79459,28115,35.194,1.471,0.505,0.592,0.077,0,5.211,0.344,0.39,12.376,13.342,0.019,WDG+GR+GC+T+BP with AStar,instances/empty-16-16/empty-16-16-random-60-agents-80.scen:
60.001,31536,60599,4057603,12036418,-1,695,684,690,18151,23629,2127,544,5236,0,0,104068,37091,37.757,1.247,0.444,0.918,0.782,0,2.858,0.407,0.41,8.989,9.895,0.011,WDG+GR+GC+T+BP with AStar,instances/empty-16-16/empty-16-16-random-60-agents-81.scen:
7.017,5598,11044,609336,2031860,675,675,666,671,4776,3334,738,2,1524,0,0,14269,6498,4.13,0.247,0.084,0.126,0.037,0,0.595,0.038,0.078,1.329,1.492,0.009,WDG+GR+GC+T+BP with AStar,instances/empty-16-16/empty-16-16-random-60-agents-82.scen:
60.001,18502,36681,3785844,10042296,-1,764,754,758,9548,12854,1601,0,4047,0,0,63283,10061,44.427,0.754,0.284,0.588,0.149,0,3.166,0.281,0.241,7.55,8.044,0.02,WDG+GR+GC+T+BP with AStar,instances/empty-16-16/empty-16-16-random-60-agents-83.scen:
0.244,259,503,22799,79164,645,645,634,642,137,48,24,0,186,0,0,630,72,0.136,0.006,0.003,0.001,0,0,0.032,0.001,0.005,0.052,0.055,0.01,WDG+GR+GC+T+BP with AStar,instances/empty-16-16/empty-16-16-random-60-agents-84.scen:
60.001,37911,74426,4436826,13282397,-1,732,721,731,20392,25134,3700,27,9050,0,0,109485,43898,35.804,1.51,0.626,0.969,0.223,0,3.934,0.506,0.473,9.654,10.921,0.022,WDG+GR+GC+T+BP with AStar,instances/empty-16-16/empty-16-16-random-60-agents-85.scen:
60.001,26760,52849,4322082,12704595,-1,704,694,702,15200,20351,1733,0,4676,0,0,98761,25531,38.521,1.13,0.425,0.701,0.3,0,3.482,0.339,0.344,9.247,10.081,0.006,WDG+GR+GC+T+BP with AStar,instances/empty-16-16/empty-16-16-random-60-agents-86.scen:
60.001,48291,95121,6502797,19658589,-1,699,688,692,26303,33930,2992,9,11360,0,0,90068,48001,32.583,2.047,0.673,0.982,0.243,0,3.534,0.548,0.589,13.966,15.231,0.007,WDG+GR+GC+T+BP with AStar,instances/empty-16-16/empty-16-16-random-60-agents-87.scen:
60.001,25862,50280,3932865,11091976,-1,681,668,675,11088,14448,2222,16,9176,0,0,92016,13794,40.952,0.93,0.383,0.612,0.131,0,4.433,0.282,0.347,8.225,8.957,0.008,WDG+GR+GC+T+BP with AStar,instances/empty-16-16/empty-16-16-random-60-agents-88.scen:
60.001,50313,98501,4850173,14895204,-1,658,645,651,23489,17558,3496,317,28942,0,0,113960,21601,35.065,2.189,0.694,0.613,0.107,0,6.725,0.318,0.597,10.643,12.008,0.006,WDG+GR+GC+T+BP with AStar,instances/empty-16-16/empty-16-16-random-60-agents-89.scen:
60.001,24145,47259,3905134,10726873,-1,726,715,719,13137,15210,1610,40,7285,0,0,103243,15765,40.532,0.925,0.327,0.435,0.456,0,4.439,0.263,0.319,8.288,8.995,0.023,WDG+GR+GC+T+BP with AStar,instances/empty-16-16/empty-16-16-random-60-agents-90.scen:
18.228,10031,19643,1480131,4047643,664,664,649,651,5358,6045,501,1,3484,0,0,25329,8680,11.177,0.431,0.131,0.21,0.048,0,1.72,0.142,0.109,3.153,3.4,0.014,WDG+GR+GC+T+BP with AStar,instances/empty-16-16/empty-16-16-random-60-agents-91.scen:
60.001,25393,50326,4308018,11339477,-1,715,701,705,7424,113,1332,622,23326,0,0,109550,4029,38.606,1.065,0.47,0.428,0.261,0,7.933,0.139,0.31,8.645,9.532,0.016,WDG+GR+GC+T+BP with AStar,instances/empty-16-16/empty-16-16-random-60-agents-92.scen:
60.001,45882,89422,3758352,12762368,-1,679,671,675,21845,37214,5298,3,3367,0,0,120553,58064,39.123,1.802,0.596,1.256,0.189,0,2.208,0.41,0.519,8.516,9.728,0.006,WDG+GR+GC+T+BP with AStar,instances/empty-16-16/empty-16-16-random-60-agents-93.scen:
0.339,308,612,30402,106662,767,767,763,764,176,176,52,0,79,0,0,777,215,0.192,0.012,0.005,0.003,0,0,0.032,0.001,0.004,0.073,0.083,0.006,WDG+GR+GC+T+BP with AStar,instances/empty-16-16/empty-16-16-random-60-agents-94.scen:
60.001,33923,65584,5080530,14967394,-1,695,686,690,16763,21042,2405,23,10453,0,0,97031,47282,36.248,1.224,0.513,0.883,0.191,0,3.516,0.423,0.404,10.863,11.951,0.007,WDG+GR+GC+T+BP with AStar,instances/empty-16-16/empty-16-16-random-60-agents-95.scen:
60.001,52554,99645,5009488,14017407,-1,659,652,658,23006,40797,3942,0,7815,0,0,128166,54821,34.088,1.947,0.703,0.798,0.264,0,3.521,0.608,0.572,10.646,11.891,0.007,WDG+GR+GC+T+BP with AStar,instances/empty-16-16/empty-16-16-random-60-agents-96.scen:
60.001,32446,62066,5034631,14206258,-1,714,702,706,14653,15592,2961,34,13859,0,0,101594,27171,36.996,1.191,0.474,0.601,0.174,0,4.994,0.371,0.396,10.562,11.505,0.006,WDG+GR+GC+T+BP with AStar,instances/empty-16-16/empty-16-16-random-60-agents-97.scen:
60.001,30542,60806,7458797,19978044,-1,700,677,687,10935,2153,1428,4,26957,0,0,77119,16954,33.885,1.11,0.454,0.653,0.048,0,6.711,0.171,0.366,14.835,15.747,0.018,WDG+GR+GC+T+BP with AStar,instances/empty-16-16/empty-16-16-random-60-agents-98.scen:
60.001,26799,52664,4796946,14149870,-1,713,701,706,13756,18800,1907,16,6076,0,0,79770,21068,37.416,1.029,0.407,0.508,0.211,0,4.327,0.469,0.353,10.32,11.116,0.006,WDG+GR+GC+T+BP with AStar,instances/empty-16-16/empty-16-16-random-60-agents-99.scen:
60.001,44040,86799,5336533,16352832,-1,702,689,695,23117,31429,5623,4,6984,0,0,90286,85697,34.822,1.745,0.614,0.846,0.196,0,3.145,0.584,0.499,11.684,12.893,0.022,WDG+GR+GC+T+BP with AStar,instances/empty-16-16/empty-16-16-random-60-agents-100.scen:
60.001,40021,79717,5613320,15831196,-1,899,884,894,7756,806,4685,47,34483,0,0,106075,115018,34.18,2.367,0.909,0.921,0.072,0,5.536,0.09,0.599,11.86,13.601,0.009,WDG+GR+GC+T+BP with AStar,instances/empty-16-16/empty-16-16-random-80-agents-1.scen:
60.001,21549,42908,3880323,11262489,-1,923,909,916,12220,135,555,40,20819,0,0,117911,2117,37.57,0.928,0.587,0.456,0.11,0,8.869,0.163,0.396,8.358,9.624,0.009,WDG+GR+GC+T+BP with AStar,instances/empty-16-16/empty-16-16-random-80-agents-2.scen:
60.001,24611,48897,5501281,14667293,-1,961,946,953,8693,17,886,0,23708,0,0,104656,1018,36.221,1.031,0.542,0.422,0.02,0,8.416,0.155,0.354,10.664,11.781,0.026,WDG+GR+GC+T+BP with AStar,instances/empty-16-16/empty-16-16-random-80-agents-3.scen:
60.001,24793,49340,3871363,11299512,-1,942,924,937,10467,153,2596,0,22044,0,0,136261,35712,38.477,1.227,0.67,0.72,0.037,0,7.751,0.09,0.39,7.825,9.155,0.028,WDG+GR+GC+T+BP with AStar,instances/empty-16-16/empty-16-16-random-80-agents-4.scen:
60.001,20669,39275,3762970,10238556,-1,967,954,960,9998,14578,1736,4,4351,0,0,81655,18848,40.664,0.924,0.404,0.527,0.118,0,3.749,0.303,0.321,7.674,8.537,0.028,WDG+GR+GC+T+BP with AStar,instances/empty-16-16/empty-16-16-random-80-agents-5.scen:
60.001,20004,39866,4036650,11658849,-1,991,976,986,8049,179,936,168,18721,0,0,116167,8797,37.973,1.107,0.529,0.634,0.037,0,8.629,0.111,0.309,8.306,9.384,0.009,WDG+GR+GC+T+BP with AStar,instances/empty-16-16/empty-16-16-random-80-agents-6.scen:
60.001,21143,42242,4409983,12124676,-1,861,843,847,7816,27,829,11,20276,0,0,110058,2592,37.534,1.022,0.568,0.537,0.035,0,8.216,0.154,0.319,9.067,10.266,0.027,WDG+GR+GC+T+BP with AStar,instances/empty-16-16/empty-16-16-random-80-agents-7.scen:
60.001,23961,47915,5007526,14153152,-1,913,899,904,8418,39,462,9,23451,0,0,105067,2694,36.808,1.054,0.53,0.7,0.054,0,7.5,0.153,0.358,10.37,11.506,0.029,WDG+GR+GC+T+BP with AStar,instances/empty-16-16/empty-16-16-random-80-agents-8.scen:
60.001,20014,39984,4594123,11911325,-1,881,864,866,7420,16,518,12,19468,0,0,96086,629,38.695,0.842,0.448,0.277,0.03,0,8.05,0.166,0.274,9.047,9.916,0.02,WDG+GR+GC+T+BP with AStar,instances/empty-16-16/empty-16-16-random-80-agents-9.scen:
60.001,25862,51652,5632633,15080764,-1,920,900,912,9393,236,3314,12,22300,0,0,115857,72065,36.815,1.233,0.671,0.844,0.048,0,5.814,0.114,0.401,11.34,12.626,0.014,WDG+GR+GC+T+BP with AStar,instances/empty-16-16/empty-16-16-random-80-agents-10.scen:
60.001,22045,43498,4504801,13302764,-1,944,929,940,12942,82,1642,1,20320,0,0,118903,18130,37.689,1.06,0.679,0.716,0.028,0,7.249,0.099,0.401,9.442,10.921,0.017,WDG+GR+GC+T+BP with AStar,instances/empty-16-16/empty-16-16-random-80-agents-11.scen:
60.001,17561,34862,4637265,11382528,-1,949,931,940,6340,358,551,3,16649,0,0,94705,17341,39.06,0.886,0.47,0.711,0.026,0,7.476,0.083,0.26,8.924,9.88,0.01,WDG+GR+GC+T+BP with AStar,instances/empty-16-16/empty-16-16-random-80-agents-12.scen:
60.001,18995,37959,4038456,11924951,-1,975,962,970,8085,89,983,16,17907,0,0,115538,13949,39.771,0.902,0.542,0.699,0.033,0,7.264,0.099,0.303,8.112,9.187,0.025,WDG+GR+GC+T+BP with AStar,instances/empty-16-16/empty-16-16-random-80-agents-13.scen:
60.001,23547,46994,4027902,11666137,-1,862,850,860,9884,32,1688,1,21826,0,0,116956,27458,39.924,0.934,0.579,0.591,0.033,0,6.661,0.114,0.333,8.105,9.295,0.028,WDG+GR+GC+T+BP with AStar,instances/empty-16-16/empty-16-16-random-80-agents-14.scen:
60.001,16744,33265,4189826,11492531,-1,1006,993,1000,7356,32,458,4,16250,0,0,112466,6808,38.739,0.738,0.517,0.478,0.029,0,8.113,0.095,0.282,8.53,9.576,0.016,WDG+GR+GC+T+BP with AStar,instances/empty-16-16/empty-16-16-random-80-agents-15.scen:
60.001,26728,53330,4984087,13816979,-1,910,894,900,10015,103,280,256,26089,0,0,123111,2337,36.537,1.279,0.604,0.337,0.071,0,8.273,0.127,0.38,9.921,11.159,0.025,WDG+GR+GC+T+BP with AStar,instances/empty-16-16/empty-16-16-random-80-agents-16.scen:
60.001,15876,31665,3632821,9635140,-1,976,963,968,7399,167,271,116,15322,0,0,111592,5096,41.536,0.772,0.429,0.358,0.059,0,7.182,0.075,0.275,7.236,8.13,0.017,WDG+GR+GC+T+BP with AStar,instances/empty-16-16/empty-16-16-random-80-agents-17.scen:
60.001,28722,56942,4214913,12063492,-1,897,882,887,13631,233,931,251,27307,0,0,118183,1429,36.757,1.441,0.626,0.632,0.054,0,8.272,0.217,0.371,8.692,9.977,0.01,WDG+GR+GC+T+BP with AStar,instances/empty-16-16/empty-16-16-random-80-agents-18.scen:
60.001,17031,33593,4104028,11125417,-1,984,968,974,8949,32,778,63,16158,0,0,83282,3104,41.64,0.73,0.442,0.446,0.037,0,6.469,0.104,0.274,8.161,9.084,0.01,WDG+GR+GC+T+BP with AStar,instances/empty-16-16/empty-16-16-random-80-agents-19.scen:
60.001,18078,36048,4452269,12106152,-1,932,915,924,6711,439,1012,0,16627,0,0,109182,17218,39.132,0.808,0.517,0.815,0.036,0,7.167,0.096,0.278,8.802,9.901,0.022,WDG+GR+GC+T+BP with AStar,instances/empty-16-16/empty-16-16-random-80-agents-20.scen:
60.001,28715,57218,5695210,15648568,-1,915,900,911,11976,45,1795,1,26874,0,0,118352,36139,35.989,1.433,0.673,0.444,0.05,0,7.256,0.102,0.406,11.228,12.57,0.014,WDG+GR+GC+T+BP with AStar,instances/empty-16-16/empty-16-16-random-80-agents-21.scen:
60.001,22981,45436,3700018,10602633,-1,884,867,875,6673,205,1295,43,21438,0,0,134425,4631,39.405,1.27,0.579,0.469,0.052,0,7.697,0.131,0.346,7.432,8.574,0.009,WDG+GR+GC+T+BP with AStar,instances/empty-16-16/empty-16-16-random-80-agents-22.scen:
60.001,20503,40960,5067710,13649844,-1,898,878,893,6772,7,1753,2,18741,0,0,115152,38740,38.622,1.081,0.548,0.544,0.036,0,6.464,0.092,0.317,9.93,11.051,0.023,WDG+GR+GC+T+BP with AStar,instances/empty-16-16/empty-16-16-random-80-agents-23.scen:
60.001,15017,29953,5395774,12965048,-1,931,916,925,4925,19,481,13,14504,0,0,100578,7462,39.006,0.71,0.442,0.24,0.042,0,7.035,0.076,0.276,10.277,11.211,0.02,WDG+GR+GC+T+BP with AStar,instances/empty-16-16/empty-16-16-random-80-agents-24.scen:
60.001,31647,63269,5392346,16016436,-1,930,911,921,10486,1126,2137,20,28364,0,0,119450,73439,35.911,1.558,0.83,0.622,0.13,0,6.48,0.117,0.499,10.865,12.522,0.028,WDG+GR+GC+T+BP with AStar,instances/empty-16-16/empty-16-16-random-80-agents-25.scen:
60.001,39344,78566,6252613,17292354,-1,867,852,862,10095,311,3326,140,35567,0,0,96919,77087,35.416,1.734,0.815,0.618,0.073,0,5.543,0.123,0.457,12.268,13.933,0.011,WDG+GR+GC+T+BP with AStar,instances/empty-16-16/empty-16-16-random-80-agents-26.scen:
60.001,24691,49338,4977854,13832211,-1,919,903,912,9187,152,660,5,23874,0,0,124480,12762,36.538,1.045,0.661,0.815,0.036,0,8.12,0.115,0.369,9.786,11.086,0.026,WDG+GR+GC+T+BP with AStar,instances/empty-16-16/empty-16-16-random-80-agents-27.scen:
60.001,19067,38081,5015352,13532093,-1,954,938,944,6979,60,461,3,18543,0,0,121404,5659,37.632,0.826,0.523,0.351,0.038,0,8.285,0.116,0.332,9.855,10.894,0.027,WDG+GR+GC+T+BP with AStar,instances/empty-16-16/empty-16-16-random-80-agents-28.scen:
60.001,31696,62563,4557109,13697257,-1,916,896,905,10720,52,1007,4,30633,0,0,122131,7969,35.132,1.598,0.703,0.469,0.028,0,9.095,0.167,0.492,9.64,11.03,0.028,WDG+GR+GC+T+BP with AStar,instances/empty-16-16/empty-16-16-random-80-agents-29.scen:
60.001,26369,51850,4642176,12949582,-1,948,932,941,14855,54,1288,8,25019,0,0,114760,4877,37.481,1.191,0.636,0.307,0.03,0,8.217,0.138,0.406,9.371,10.578,0.019,WDG+GR+GC+T+BP with AStar,instances/empty-16-16/empty-16-16-random-80-agents-30.scen:
60.001,23597,47109,5219909,14581340,-1,883,869,873,6713,112,488,59,22938,0,0,98561,876,37.243,0.907,0.484,0.498,0.049,0,8.001,0.167,0.335,10.386,11.355,0.027,WDG+GR+GC+T+BP with AStar,instances/empty-16-16/empty-16-16-random-80-agents-31.scen:
60.001,23593,46738,6130845,15820084,-1,859,843,855,7987,18,2328,12,21235,0,0,107650,55030,37.506,1.252,0.649,0.51,0.056,0,5.64,0.071,0.349,11.649,12.893,0.017,WDG+GR+GC+T+BP with AStar,instances/empty-16-16/empty-16-16-random-80-agents-32.scen:
60.001,20267,40274,4836375,12434142,-1,947,931,933,6666,188,399,64,19616,0,0,86078,368,38.211,0.806,0.476,0.262,0.064,0,8.412,0.166,0.292,9.34,10.278,0.009,WDG+GR+GC+T+BP with AStar,instances/empty-16-16/empty-16-16-random-80-agents-33.scen:
60.001,30742,60175,3833012,11858803,-1,917,904,910,17570,19630,2730,2,8380,0,0,111395,20193,37.036,1.365,0.599,0.524,0.165,0,5.414,0.439,0.458,8.385,9.678,0.017,WDG+GR+GC+T+BP with AStar,instances/empty-16-16/empty-16-16-random-80-agents-34.scen:
60.001,21693,43352,5013605,12824254,-1,914,893,905,5100,149,749,34,20761,0,0,100468,17661,40.034,1.091,0.458,0.209,0.06,0,6.151,0.088,0.251,9.639,10.585,0.008,WDG+GR+GC+T+BP with AStar,instances/empty-16-16/empty-16-16-random-80-agents-35.scen:
60.001,24572,49137,5972850,17355087,-1,895,879,890,10439,45,2411,5,22111,0,0,123490,44703,36.045,1.136,0.726,0.54,0.062,0,6.677,0.108,0.433,11.819,13.28,0.027,WDG+GR+GC+T+BP with AStar,instances/empty-16-16/empty-16-16-random-80-agents-36.scen:
60.001,19730,39381,4756271,12142278,-1,896,877,883,7294,121,161,11,19437,0,0,109611,2697,38.802,0.992,0.517,0.258,0.021,0,7.687,0.106,0.272,9.272,10.348,0.01,WDG+GR+GC+T+BP with AStar,instances/empty-16-16/empty-16-16-random-80-agents-37.scen:
60.001,16099,32190,4525169,11786619,-1,970,956,966,6772,1,1168,0,14930,0,0,93615,24667,40.918,0.661,0.461,0.524,0.042,0,6.218,0.075,0.248,8.72,9.734,0.023,WDG+GR+GC+T+BP with AStar,instances/empty-16-16/empty-16-16-random-80-agents-38.scen:
60.001,14544,28518,4072878,9593389,-1,919,903,912,5157,2,784,3,13755,0,0,100061,3206,41.613,0.766,0.372,0.358,0.023,0,6.903,0.074,0.213,7.857,8.606,0.009,WDG+GR+GC+T+BP with AStar,instances/empty-16-16/empty-16-16-random-80-agents-39.scen:
60.001,22238,44340,5277917,15528451,-1,1003,988,997,8441,9,511,1,21717,0,0,99879,11215,36.396,1.105,0.541,0.314,0.026,0,8.452,0.114,0.412,10.63,11.737,0.02,WDG+GR+GC+T+BP with AStar,instances/empty-16-16/empty-16-16-random-80-agents-40.scen:
60.001,25969,51517,4744727,13400317,-1,929,908,916,10115,46,408,13,25502,0,0,105913,7683,37.992,1.167,0.593,0.545,0.028,0,7.212,0.15,0.335,9.462,10.643,0.011,WDG+GR+GC+T+BP with AStar,instances/empty-16-16/empty-16-16-random-80-agents-41.scen:
60.001,19148,38264,4685257,11806776,-1,952,936,941,5061,71,686,92,18299,0,0,105527,5937,38.881,0.924,0.515,0.297,0.096,0,7.825,0.086,0.308,9.144,10.142,0.008,WDG+GR+GC+T+BP with AStar,instances/empty-16-16/empty-16-16-random-80-agents-42.scen:
60.001,20703,41116,3981875,10719441,-1,927,911,914,7356,24,810,92,19777,0,0,111087,1831,39.489,0.99,0.518,0.37,0.036,0,8.096,0.099,0.297,7.835,8.909,0.028,WDG+GR+GC+T+BP with AStar,instances/empty-16-16/empty-16-16-random-80-agents-43.scen:
60.001,20525,41048,4529475,12664869,-1,979,966,974,8236,12,603,0,19910,0,0,121908,17137,38.311,0.859,0.525,0.556,0.031,0,7.749,0.09,0.299,9.007,10.133,0.027,WDG+GR+GC+T+BP with AStar,instances/empty-16-16/empty-16-16-random-80-agents-44.scen:
60.001,27721,55388,5326911,14991015,-1,934,918,930,6388,0,2175,0,25546,0,0,115356,52711,36.321,1.268,0.655,0.643,0.042,0,6.776,0.112,0.354,10.747,12.09,0.015,WDG+GR+GC+T+BP with AStar,instances/empty-16-16/empty-16-16-random-80-agents-45.scen:
60.001,16282,32010,3107713,9444178,-1,892,879,884,11027,0,614,0,15668,0,0,84930,4418,44.013,0.729,0.412,0.34,0.021,0,5.685,0.067,0.24,6.421,7.241,0.008,WDG+GR+GC+T+BP with AStar,instances/empty-16-16/empty-16-16-random-80-agents-46.scen:
60.001,21990,43823,4128675,11449010,-1,905,888,899,8236,3,1599,24,20364,0,0,120777,15355,39.698,1.209,0.531,0.479,0.033,0,7.067,0.102,0.32,8.165,9.266,0.026,WDG+GR+GC+T+BP with AStar,instances/empty-16-16/empty-16-16-random-80-agents-47.scen:
60.001,29996,59967,5233630,15010382,-1,905,888,902,11244,279,2918,1,26798,0,0,121135,48483,36.401,1.229,0.694,0.61,0.046,0,6.958,0.137,0.405,10.478,11.91,0.027,WDG+GR+GC+T+BP with AStar,instances/empty-16-16/empty-16-16-random-80-agents-48.scen:
60.001,15352,30621,4882687,12230582,-1,899,882,888,5713,173,609,81,14489,0,0,95502,3049,40.199,0.664,0.387,0.27,0.041,0,7.065,0.077,0.279,9.337,10.172,0.024,WDG+GR+GC+T+BP with AStar,instances/empty-16-16/empty-16-16-random-80-agents-49.scen:
60.001,19492,38942,4016894,10717672,-1,911,893,902,6731,136,763,115,18478,0,0,127182,4921,39.742,1.005,0.539,0.366,0.077,0,7.488,0.13,0.277,7.968,9.186,0.025,WDG+GR+GC+T+BP with AStar,instances/empty-16-16/empty-16-16-random-80-agents-50.scen:
60.001,23243,45996,4999048,13635577,-1,903,888,896,7125,19,1431,0,21793,0,0,98538,16230,38.952,1.032,0.567,0.437,0.026,0,6.702,0.103,0.319,9.785,10.857,0.01,WDG+GR+GC+T+BP with AStar,instances/empty-16-16/empty-16-16-random-80-agents-51.scen:
60.001,29835,59384,4925419,14566605,-1,907,893,897,14554,81,783,47,28924,0,0,122191,1938,35.797,1.247,0.69,0.442,0.034,0,8.333,0.211,0.435,10.129,11.544,0.021,WDG+GR+GC+T+BP with AStar,instances/empty-16-16/empty-16-16-random-80-agents-52.scen:
60.001,26205,52294,3991142,12182973,-1,972,959,964,14676,103,677,119,25306,0,0,124498,2484,36.238,1.138,0.679,0.782,0.049,0,8.938,0.2,0.416,8.436,9.93,0.025,WDG+GR+GC+T+BP with AStar,instances/empty-16-16/empty-16-16-random-80-agents-53.scen:
60.001,28100,56158,5920309,16827436,-1,933,916,929,13791,36,4493,0,23571,0,0,104666,84245,35.397,1.316,0.833,0.774,0.052,0,5.904,0.088,0.421,11.815,13.536,0.023,WDG+GR+GC+T+BP with AStar,instances/empty-16-16/empty-16-16-random-80-agents-54.scen:
60.001,31208,61437,4669899,13923564,-1,946,933,939,19575,11746,1969,7,17486,0,0,114326,23444,35.676,1.366,0.686,0.592,0.155,0,6.507,0.315,0.511,9.773,11.215,0.028,WDG+GR+GC+T+BP with AStar,instances/empty-16-16/empty-16-16-random-80-agents-55.scen:
60.001,25321,49898,4071206,11881182,-1,929,915,923,11224,60,1381,1,23879,0,0,123025,8674,37.98,1.177,0.613,0.52,0.046,0,8.193,0.137,0.354,8.345,9.628,0.009,WDG+GR+GC+T+BP with AStar,instances/empty-16-16/empty-16-16-random-80-agents-56.scen:
60.001,27776,55479,5836585,15772179,-1,882,868,875,11424,56,1526,0,26194,0,0,99273,23624,36.577,1.264,0.59,0.534,0.027,0,6.837,0.097,0.39,11.574,12.708,0.008,WDG+GR+GC+T+BP with AStar,instances/empty-16-16/empty-16-16-random-80-agents-57.scen:
60.001,18522,36917,4151318,11314823,-1,919,905,913,8353,53,446,15,18008,0,0,113790,5536,39.615,0.747,0.445,0.472,0.042,0,7.907,0.101,0.278,8.183,9.075,0.023,WDG+GR+GC+T+BP with AStar,instances/empty-16-16/empty-16-16-random-80-agents-58.scen:
60.001,18345,36572,4264680,11166405,-1,906,890,895,4564,20,365,4,17956,0,0,112397,1496,40.463,0.832,0.415,0.243,0.031,0,7.57,0.121,0.281,8.226,9.026,0.015,WDG+GR+GC+T+BP with AStar,instances/empty-16-16/empty-16-16-random-80-agents-59.scen:
60.001,27313,53978,4240307,12223801,-1,960,943,955,8422,245,2023,9,25036,0,0,129994,9760,37.715,1.475,0.614,0.425,0.03,0,7.826,0.167,0.418,8.803,10.053,0.028,WDG+GR+GC+T+BP with AStar,instances/empty-16-16/empty-16-16-random-80-agents-60.scen:
60.001,24143,48126,4653366,13069212,-1,922,906,914,9543,99,895,3,23146,0,0,117488,25515,39.35,1.172,0.629,0.478,0.051,0,6.446,0.09,0.365,9.27,10.534,0.009,WDG+GR+GC+T+BP with AStar,instances/empty-16-16/empty-16-16-random-80-agents-61.scen:
60.001,13974,27869,3732132,9671315,-1,988,971,984,6552,15,1030,1,12928,0,0,104931,16245,40.822,0.742,0.402,0.66,0.028,0,7.581,0.073,0.208,7.262,8.127,0.028,WDG+GR+GC+T+BP with AStar,instances/empty-16-16/empty-16-16-random-80-agents-62.scen:
60.001,21271,42478,3930178,10765263,-1,956,938,951,7799,87,3950,3,17231,0,0,142708,65639,39.366,1.137,0.598,1.031,0.077,0,6.657,0.087,0.303,7.721,8.987,0.008,WDG+GR+GC+T+BP with AStar,instances/empty-16-16/empty-16-16-random-80-agents-63.scen:
60.001,22052,43709,4401533,12108313,-1,913,898,910,7061,4,2170,1,19877,0,0,107665,15083,39.121,1.032,0.507,0.49,0.032,0,7.314,0.129,0.266,8.698,9.712,0.029,WDG+GR+GC+T+BP with AStar,instances/empty-16-16/empty-16-16-random-80-agents-64.scen:
60.001,19451,38880,4483374,12521499,-1,943,928,937,7432,35,842,17,18557,0,0,115733,11661,38.697,0.953,0.492,0.393,0.028,0,8.017,0.082,0.296,8.821,9.884,0.027,WDG+GR+GC+T+BP with AStar,instances/empty-16-16/empty-16-16-random-80-agents-65.scen:
60.001,19800,39255,3887333,10437653,-1,918,899,906,4906,45,677,131,18947,0,0,108062,1790,40.155,0.943,0.444,0.401,0.063,0,7.648,0.131,0.247,7.639,8.552,0.018,WDG+GR+GC+T+BP with AStar,instances/empty-16-16/empty-16-16-random-80-agents-66.scen:
60.001,16403,32722,3632117,9934750,-1,969,954,961,7810,77,477,168,15681,0,0,139534,6794,40.43,0.813,0.488,0.66,0.047,0,7.367,0.098,0.29,7.277,8.286,0.027,WDG+GR+GC+T+BP with AStar,instances/empty-16-16/empty-16-16-random-80-agents-67.scen:
60.001,26767,52124,4154834,12631125,-1,904,890,897,14855,151,2678,0,23938,0,0,118306,4897,36.204,1.294,0.692,0.821,0.038,0,8.853,0.175,0.415,8.663,10.041,0.028,WDG+GR+GC+T+BP with AStar,instances/empty-16-16/empty-16-16-random-80-agents-68.scen:
60.001,16870,33499,4132463,11266275,-1,1008,994,1001,4952,27,733,0,16110,0,0,115809,5396,39.145,0.827,0.433,0.438,0.029,0,8.44,0.097,0.268,8.231,9.152,0.01,WDG+GR+GC+T+BP with AStar,instances/empty-16-16/empty-16-16-random-80-agents-69.scen:
60.001,24838,49606,5375714,15038923,-1,939,925,932,8068,324,786,43,23685,0,0,114106,28405,37.326,1.177,0.625,0.636,0.042,0,6.54,0.095,0.353,10.443,11.693,0.018,WDG+GR+GC+T+BP with AStar,instances/empty-16-16/empty-16-16-random-80-agents-70.scen:
60.001,37977,75793,5600944,16037559,-1,914,898,906,18598,280,1731,0,35966,0,0,126818,60170,34.881,1.846,0.865,0.667,0.107,0,6.476,0.171,0.551,11.404,13.112,0.009,WDG+GR+GC+T+BP with AStar,instances/empty-16-16/empty-16-16-random-80-agents-71.scen:
60.001,22626,45217,4317691,12025864,-1,914,894,908,8341,531,1725,6,20364,0,0,141902,38641,39.547,1.235,0.662,0.54,0.045,0,6.523,0.087,0.359,8.476,9.705,0.008,WDG+GR+GC+T+BP with AStar,instances/empty-16-16/empty-16-16-random-80-agents-72.scen:
60.001,18997,37948,4756303,12565701,-1,912,894,905,6802,153,878,33,17933,0,0,118341,6972,38.965,0.844,0.517,0.541,0.042,0,7.126,0.1,0.318,9.264,10.321,0.017,WDG+GR+GC+T+BP with AStar,instances/empty-16-16/empty-16-16-random-80-agents-73.scen:
60.001,14623,29233,4148137,10824242,-1,982,965,973,5494,166,266,2,14189,0,0,83811,2015,40.443,0.691,0.425,0.427,0.031,0,7.667,0.12,0.223,8.021,8.839,0.008,WDG+GR+GC+T+BP with AStar,instances/empty-16-16/empty-16-16-random-80-agents-74.scen:
60.001,24547,48899,4371840,12436527,-1,916,899,907,7695,185,575,83,23704,0,0,132719,13003,37.527,1.142,0.678,0.586,0.079,0,7.622,0.104,0.379,8.977,10.38,0.023,WDG+GR+GC+T+BP with AStar,instances/empty-16-16/empty-16-16-random-80-agents-75.scen:
60.001,31002,60782,3939217,12021156,-1,892,877,887,13056,1376,2468,187,26971,0,0,133385,15584,37.688,1.483,0.692,0.434,0.154,0,8.008,0.174,0.448,8.091,9.488,0.008,WDG+GR+GC+T+BP with AStar,instances/empty-16-16/empty-16-16-random-80-agents-76.scen:
60.001,22747,45206,3987381,11459873,-1,903,888,896,7477,145,628,46,21928,0,0,132882,3341,38.549,1.048,0.575,0.42,0.058,0,7.793,0.135,0.315,8.286,9.465,0.026,WDG+GR+GC+T+BP with AStar,instances/empty-16-16/empty-16-16-random-80-agents-77.scen:
60.001,21422,42320,5430705,13687366,-1,895,877,883,9603,89,1090,0,20243,0,0,98841,2361,36.945,0.941,0.523,0.419,0.02,0,8.228,0.128,0.311,10.49,11.498,0.029,WDG+GR+GC+T+BP with AStar,instances/empty-16-16/empty-16-16-random-80-agents-78.scen:
60.001,31894,62382,4847096,14791356,-1,920,902,914,12708,68,4126,7,27693,0,0,131330,54777,36.01,1.542,0.794,0.831,0.042,0,7.041,0.114,0.463,9.993,11.629,0.016,WDG+GR+GC+T+BP with AStar,instances/empty-16-16/empty-16-16-random-80-agents-79.scen:
60.003,19693,38972,4777201,13731298,-1,989,972,980,11559,0,1564,36,18093,0,0,95239,4548,37.008,0.946,0.584,0.615,0.044,0,8.653,0.11,0.315,9.516,10.757,0.027,WDG+GR+GC+T+BP with AStar,instances/empty-16-16/empty-16-16-random-80-agents-80.scen:
60.001,25900,51675,4950493,14232985,-1,907,892,899,11036,184,695,44,24977,0,0,121987,17449,37.35,1.151,0.605,0.577,0.161,0,7.301,0.098,0.349,9.917,11.173,0.023,WDG+GR+GC+T+BP with AStar,instances/empty-16-16/empty-16-16-random-80-agents-81.scen:
60.001,38013,76014,6238936,17407674,-1,883,868,879,13510,21,4175,10,33807,0,0,115013,68734,33.815,1.777,0.815,0.737,0.071,0,6.752,0.119,0.513,12.315,13.917,0.018,WDG+GR+GC+T+BP with AStar,instances/empty-16-16/empty-16-16-random-80-agents-82.scen:
60.001,21799,43451,3646170,10694843,-1,961,949,956,10836,200,444,171,20984,0,0,130613,3079,38.203,0.89,0.584,0.562,0.164,0,8.767,0.139,0.367,7.359,8.675,0.028,WDG+GR+GC+T+BP with AStar,instances/empty-16-16/empty-16-16-random-80-agents-83.scen:
60.001,16464,32817,3755092,9690666,-1,888,867,877,6178,86,676,38,15664,0,0,111838,2061,41.315,0.76,0.422,0.303,0.071,0,7.434,0.105,0.248,7.323,8.123,0.027,WDG+GR+GC+T+BP with AStar,instances/empty-16-16/empty-16-16-random-80-agents-84.scen:
60.001,16236,32414,3172929,8470032,-1,978,960,972,4030,65,767,15,15389,0,0,111586,8895,42.327,0.929,0.45,0.371,0.042,0,6.909,0.067,0.22,6.432,7.353,0.008,WDG+GR+GC+T+BP with AStar,instances/empty-16-16/empty-16-16-random-80-agents-85.scen:
60.001,19824,39475,4710716,13299449,-1,953,939,950,8815,3,1198,21,18602,0,0,116516,16125,38.366,0.935,0.544,0.398,0.047,0,7.574,0.087,0.312,9.192,10.371,0.026,WDG+GR+GC+T+BP with AStar,instances/empty-16-16/empty-16-16-random-80-agents-86.scen:
60.001,15955,31831,4623325,11086999,-1,913,897,902,5886,165,281,26,15483,0,0,83537,354,39.811,0.697,0.401,0.479,0.045,0,7.605,0.101,0.248,8.59,9.425,0.018,WDG+GR+GC+T+BP with AStar,instances/empty-16-16/empty-16-16-random-80-agents-87.scen:
60.001,17349,34509,4289057,12078675,-1,919,900,913,7844,42,2006,17,15284,0,0,110338,26783,39.94,0.927,0.512,0.9,0.071,0,6.587,0.078,0.262,8.356,9.349,0.008,WDG+GR+GC+T+BP with AStar,instances/empty-16-16/empty-16-16-random-80-agents-88.scen:
60.001,27388,54519,4412710,12139943,-1,925,911,921,8554,27,1753,8,25600,0,0,113493,21504,38.439,1.391,0.609,0.482,0.038,0,7.219,0.136,0.367,8.759,9.943,0.027,WDG+GR+GC+T+BP with AStar,instances/empty-16-16/empty-16-16-random-80-agents-89.scen:
60.001,16786,33451,3440299,9092543,-1,950,938,945,6933,60,1143,13,15570,0,0,126938,7350,41.327,0.711,0.459,0.402,0.042,0,7.48,0.092,0.294,6.761,7.771,0.01,WDG+GR+GC+T+BP with AStar,instances/empty-16-16/empty-16-16-random-80-agents-90.scen:
60.001,16784,33232,4623496,10606503,-1,937,917,922,5683,98,615,5,16066,0,0,80579,1312,40.539,0.708,0.352,0.281,0.036,0,7.656,0.083,0.257,8.743,9.471,0.023,WDG+GR+GC+T+BP with AStar,instances/empty-16-16/empty-16-16-random-80-agents-91.scen:
60.001,19552,38912,4123722,11081579,-1,984,969,974,7005,50,710,124,18668,0,0,119405,2258,39.431,0.932,0.503,0.468,0.127,0,7.789,0.111,0.321,8.211,9.151,0.008,WDG+GR+GC+T+BP with AStar,instances/empty-16-16/empty-16-16-random-80-agents-92.scen:
60.001,28224,56447,4119844,12561374,-1,891,879,885,12233,10,633,88,27493,0,0,125187,1468,37.319,1.193,0.631,0.451,0.28,0,7.965,0.243,0.368,8.426,9.778,0.008,WDG+GR+GC+T+BP with AStar,instances/empty-16-16/empty-16-16-random-80-agents-93.scen:
60.001,17309,34590,4392518,11804360,-1,1023,1006,1011,9613,18,187,2,17102,0,0,80259,1810,39.926,0.766,0.524,0.275,0.04,0,7.493,0.1,0.311,8.702,9.845,0.009,WDG+GR+GC+T+BP with AStar,instances/empty-16-16/empty-16-16-random-80-agents-94.scen:
60.001,18166,36167,4192967,11715028,-1,919,903,911,7405,171,682,27,17286,0,0,130057,8305,39.97,0.883,0.526,0.455,0.083,0,7.307,0.105,0.288,8.218,9.312,0.019,WDG+GR+GC+T+BP with AStar,instances/empty-16-16/empty-16-16-random-80-agents-95.scen:
60.001,33464,65400,4318223,13259445,-1,912,899,909,13469,225,2305,0,30934,0,0,144267,13114,36.277,1.549,0.702,0.342,0.025,0,8.016,0.179,0.495,8.892,10.395,0.011,WDG+GR+GC+T+BP with AStar,instances/empty-16-16/empty-16-16-random-80-agents-96.scen:
60.001,20794,41352,3822463,10654238,-1,956,939,950,8549,614,1779,4,18397,0,0,138332,51441,38.8,1.209,0.648,0.794,0.049,0,7.267,0.079,0.379,7.946,9.347,0.023,WDG+GR+GC+T+BP with AStar,instances/empty-16-16/empty-16-16-random-80-agents-97.scen:
60.001,18626,37235,4581696,12594443,-1,889,869,882,7981,165,880,37,17544,0,0,114792,17267,38.67,0.897,0.449,0.636,0.051,0,7.13,0.115,0.305,9.332,10.346,0.01,WDG+GR+GC+T+BP with AStar,instances/empty-16-16/empty-16-16-random-80-agents-98.scen:
60.001,13982,27861,4293499,11207302,-1,941,925,931,6398,47,293,3,13639,0,0,92986,1308,39.667,0.642,0.409,0.585,0.032,0,7.8,0.101,0.281,8.706,9.541,0.022,WDG+GR+GC+T+BP with AStar,instances/empty-16-16/empty-16-16-random-80-agents-99.scen:
60.001,23247,45590,3859478,10845756,-1,959,943,951,7658,209,1136,83,21819,0,0,108584,2003,38.168,1.238,0.524,0.536,0.077,0,8.086,0.179,0.343,8.152,9.241,0.009,WDG+GR+GC+T+BP with AStar,instances/empty-16-16/empty-16-16-random-80-agents-100.scen:
